--
-- PostgreSQL database dump
--

-- Dumped from database version 9.1.11
-- Dumped by pg_dump version 9.1.9
-- Started on 2014-04-24 16:04:08

-------------- SET statement_timeout = 0;
-------------- SET client_encoding = 'UTF8';
-------------- SET standard_conforming_strings = on;
-------------- SET check_function_bodies = false;
-------------- SET client_min_messages = warning;

-------------- SET search_path = public, pg_catalog;

--
-- TOC entry 2079 (class 0 OID 0)
-- Dependencies: 161
-- Name: hibernate_sequence; Type: SEQUENCE SET; Schema: public; Owner: sgpdesa
--

-------------- SELECT pg_catalog.setval('hibernate_sequence', 1, false);


--
-- TOC entry 2066 (class 0 OID 28256)
-- Dependencies: 173 2075
-- Data for Name: sgp_pais; Type: TABLE DATA; Schema: public; Owner: sgpdesa
--

INSERT INTO sgp_pais (id_pais, nombre, descripcion, ind_activo, fec_creacion, fec_edita, usuario_crea, usuario_edita) VALUES (3, 'Venezuela', 'Mucha Venezuela sin chavez', 1, '2014-01-20 00:00:00', NULL, '1', '1');
INSERT INTO sgp_pais (id_pais, nombre, descripcion, ind_activo, fec_creacion, fec_edita, usuario_crea, usuario_edita) VALUES (11, 'klldsklsñkoñl', 'mdsñlflk', 1, '2014-01-30 11:54:27.448', NULL, '1', NULL);
INSERT INTO sgp_pais (id_pais, nombre, descripcion, ind_activo, fec_creacion, fec_edita, usuario_crea, usuario_edita) VALUES (2, 'Reino Unido de Gran Bretaña', 'El Reino Unido de Gran Bretaña e Irlanda del Norte, es un estado soberano miembro de la Unión Europea ubicado al noroeste de la Europa Continental.', 1, '2014-01-20 11:50:00', NULL, '1', '1');
INSERT INTO sgp_pais (id_pais, nombre, descripcion, ind_activo, fec_creacion, fec_edita, usuario_crea, usuario_edita) VALUES (12, 'klldsklsñkoñl', 'mdsñlflk', 1, '2014-01-30 11:54:35.33', NULL, '1', NULL);
INSERT INTO sgp_pais (id_pais, nombre, descripcion, ind_activo, fec_creacion, fec_edita, usuario_crea, usuario_edita) VALUES (14, 'hjghklldsklsñkoñl', 'mdsñlflk', 1, '2014-01-30 11:58:53.858', NULL, '1', NULL);
INSERT INTO sgp_pais (id_pais, nombre, descripcion, ind_activo, fec_creacion, fec_edita, usuario_crea, usuario_edita) VALUES (17, 'Lituania', 'Europa del este', 1, '2014-01-30 12:10:13.36', NULL, '1', NULL);
INSERT INTO sgp_pais (id_pais, nombre, descripcion, ind_activo, fec_creacion, fec_edita, usuario_crea, usuario_edita) VALUES (20, 'Colombiaaaaaaaaaaaaaa', 'Tierra querida kladsjklfjkladsjf', 1, '2014-01-30 15:31:29.656', NULL, '1', '1');
INSERT INTO sgp_pais (id_pais, nombre, descripcion, ind_activo, fec_creacion, fec_edita, usuario_crea, usuario_edita) VALUES (22, 'ckljdfkljds', 'fldjlkfjklads.j', 1, '2014-01-31 11:15:21.644', NULL, '1', NULL);
INSERT INTO sgp_pais (id_pais, nombre, descripcion, ind_activo, fec_creacion, fec_edita, usuario_crea, usuario_edita) VALUES (106, 'wwwwwwwwwwwwwwww', 'wwwwwwwwww', 1, '2014-02-17 10:08:38.083', '2014-02-17 12:12:27.648', 'anonymousUser', 'anonymousUser');
INSERT INTO sgp_pais (id_pais, nombre, descripcion, ind_activo, fec_creacion, fec_edita, usuario_crea, usuario_edita) VALUES (110, 'qwertyuiop', 'qwertyuiop', 1, '2014-02-17 10:18:15.512', NULL, 'anonymousUser', NULL);
INSERT INTO sgp_pais (id_pais, nombre, descripcion, ind_activo, fec_creacion, fec_edita, usuario_crea, usuario_edita) VALUES (111, 'qwertty', '', 1, '2014-02-26 08:38:56.418', NULL, 'anonymousUser', NULL);
INSERT INTO sgp_pais (id_pais, nombre, descripcion, ind_activo, fec_creacion, fec_edita, usuario_crea, usuario_edita) VALUES (112, 'err', '', 1, '2014-02-26 14:34:37.075', NULL, 'admin', NULL);
INSERT INTO sgp_pais (id_pais, nombre, descripcion, ind_activo, fec_creacion, fec_edita, usuario_crea, usuario_edita) VALUES (113, 'fdsfsadfff', '', 1, '2014-02-26 17:02:44.892', '2014-02-26 17:03:06.896', 'anonymousUser', 'anonymousUser');
INSERT INTO sgp_pais (id_pais, nombre, descripcion, ind_activo, fec_creacion, fec_edita, usuario_crea, usuario_edita) VALUES (102, 'pais', 'zzzzzzzzzzzzqqqqqqq', 1, '2014-02-17 10:05:44.166', '2014-02-26 17:43:58.123', 'anonymousUser', 'admin');
INSERT INTO sgp_pais (id_pais, nombre, descripcion, ind_activo, fec_creacion, fec_edita, usuario_crea, usuario_edita) VALUES (114, 'prueba nc', '', 1, '2014-02-26 17:44:38.226', NULL, 'admin', NULL);
INSERT INTO sgp_pais (id_pais, nombre, descripcion, ind_activo, fec_creacion, fec_edita, usuario_crea, usuario_edita) VALUES (115, 'Prueba clear PopUP', 'se crea para mirar el formateo de popUp edita', 1, '2014-03-06 15:30:44.434', '2014-03-06 15:35:01.908', 'admin', 'admin');
INSERT INTO sgp_pais (id_pais, nombre, descripcion, ind_activo, fec_creacion, fec_edita, usuario_crea, usuario_edita) VALUES (1, 'Colombia tierra querida ñóngú', 'Colombia, oficialmente República de Colombia, es una república unitaria de América situada en la región noroccidental de América del Sur.kkkkkk1', 1, '2014-01-20 11:50:00', '2014-03-12 08:57:02.895', '1', 'admin');


--
-- TOC entry 2059 (class 0 OID 28223)
-- Dependencies: 166 2066 2075
-- Data for Name: sgp_departamento; Type: TABLE DATA; Schema: public; Owner: sgpdesa
--

INSERT INTO sgp_departamento (id_departamento, nombre, descripcion, id_pais, ind_activo, fec_creacion, fec_edita, usuario_crea, usuario_edita) VALUES (38, 'qqq', '', 1, 1, '2014-02-26 08:35:47.84', NULL, 'anonymousUser', NULL);
INSERT INTO sgp_departamento (id_departamento, nombre, descripcion, id_pais, ind_activo, fec_creacion, fec_edita, usuario_crea, usuario_edita) VALUES (40, 'dfgf', 'sdfgdfsg', 20, 1, '2014-03-07 11:16:37.42', NULL, 'admin', NULL);
INSERT INTO sgp_departamento (id_departamento, nombre, descripcion, id_pais, ind_activo, fec_creacion, fec_edita, usuario_crea, usuario_edita) VALUES (1, 'Valle del Cauca', 'bbbbbbbbbbbbbbbbbbbbbbbb', 1, 1, '2014-01-20 11:50:00', '2014-03-12 08:57:17.113', '1', 'admin');
INSERT INTO sgp_departamento (id_departamento, nombre, descripcion, id_pais, ind_activo, fec_creacion, fec_edita, usuario_crea, usuario_edita) VALUES (2, 'Inglaterra', 'kjlhkjlh', 2, 1, '2014-01-20 11:50:00', NULL, '1', NULL);
INSERT INTO sgp_departamento (id_departamento, nombre, descripcion, id_pais, ind_activo, fec_creacion, fec_edita, usuario_crea, usuario_edita) VALUES (3, 'Norte de Santander', 'lhklj', 1, 1, '2014-01-20 11:50:00', NULL, '1', NULL);
INSERT INTO sgp_departamento (id_departamento, nombre, descripcion, id_pais, ind_activo, fec_creacion, fec_edita, usuario_crea, usuario_edita) VALUES (4, 'dfhdfh', 'bbbbbbbbbbbb', 3, 1, '2014-02-04 11:11:24.947', '2014-02-17 09:11:43.39', '1', 'anonymousUser');
INSERT INTO sgp_departamento (id_departamento, nombre, descripcion, id_pais, ind_activo, fec_creacion, fec_edita, usuario_crea, usuario_edita) VALUES (5, 'dfhdfh', 'dfhggh', 3, 1, '2014-02-04 11:11:40.904', NULL, '1', NULL);
INSERT INTO sgp_departamento (id_departamento, nombre, descripcion, id_pais, ind_activo, fec_creacion, fec_edita, usuario_crea, usuario_edita) VALUES (6, 'asdfd', 'asdfadsf', 12, 1, '2014-02-04 11:16:12.497', NULL, '1', NULL);
INSERT INTO sgp_departamento (id_departamento, nombre, descripcion, id_pais, ind_activo, fec_creacion, fec_edita, usuario_crea, usuario_edita) VALUES (7, 'dfgdsfgdsfgdfg', 'sdfgsdfg', 20, 1, '2014-02-04 11:16:34.618', NULL, '1', NULL);
INSERT INTO sgp_departamento (id_departamento, nombre, descripcion, id_pais, ind_activo, fec_creacion, fec_edita, usuario_crea, usuario_edita) VALUES (8, 'adsfadsffsdf', 'sdfgsdfg', 20, 1, '2014-02-04 11:16:50.995', '2014-02-17 14:36:07.867', '1', 'anonymousUser');
INSERT INTO sgp_departamento (id_departamento, nombre, descripcion, id_pais, ind_activo, fec_creacion, fec_edita, usuario_crea, usuario_edita) VALUES (9, 'adsgsdf', '', 22, 1, '2014-02-04 11:17:00.685', NULL, '1', NULL);
INSERT INTO sgp_departamento (id_departamento, nombre, descripcion, id_pais, ind_activo, fec_creacion, fec_edita, usuario_crea, usuario_edita) VALUES (10, 'dfhdfh', 'dfhggh', 3, 1, '2014-02-04 11:17:15.181', '2014-02-19 15:09:14.936', '1', 'admin');
INSERT INTO sgp_departamento (id_departamento, nombre, descripcion, id_pais, ind_activo, fec_creacion, fec_edita, usuario_crea, usuario_edita) VALUES (11, 'Valle del Cauca2', 'kjhklhklh', 1, 1, '2014-02-04 11:17:22.155', NULL, '1', NULL);
INSERT INTO sgp_departamento (id_departamento, nombre, descripcion, id_pais, ind_activo, fec_creacion, fec_edita, usuario_crea, usuario_edita) VALUES (12, 'Inglaterra', 'kjlhkjlh', 2, 1, '2014-02-04 11:17:26.749', NULL, '1', NULL);
INSERT INTO sgp_departamento (id_departamento, nombre, descripcion, id_pais, ind_activo, fec_creacion, fec_edita, usuario_crea, usuario_edita) VALUES (13, 'ewrfe', 'wertwe', 12, 1, '2014-02-04 17:49:44.772', NULL, '1', NULL);
INSERT INTO sgp_departamento (id_departamento, nombre, descripcion, id_pais, ind_activo, fec_creacion, fec_edita, usuario_crea, usuario_edita) VALUES (14, 'fghg', 'dfdhfghd', 17, 1, '2014-02-05 07:58:30.352', NULL, '1', NULL);
INSERT INTO sgp_departamento (id_departamento, nombre, descripcion, id_pais, ind_activo, fec_creacion, fec_edita, usuario_crea, usuario_edita) VALUES (15, 'Valle del Cauca3', 'kjhklhklh', 1, 1, '2014-02-05 08:19:13.137', NULL, '1', NULL);
INSERT INTO sgp_departamento (id_departamento, nombre, descripcion, id_pais, ind_activo, fec_creacion, fec_edita, usuario_crea, usuario_edita) VALUES (16, 'gfhf', 'dfsds', 14, 1, '2014-02-05 08:25:19.292', NULL, '1', NULL);
INSERT INTO sgp_departamento (id_departamento, nombre, descripcion, id_pais, ind_activo, fec_creacion, fec_edita, usuario_crea, usuario_edita) VALUES (17, 'dfgdfsg', 'sdfg', 11, 1, '2014-02-05 08:26:50.594', NULL, '1', NULL);
INSERT INTO sgp_departamento (id_departamento, nombre, descripcion, id_pais, ind_activo, fec_creacion, fec_edita, usuario_crea, usuario_edita) VALUES (18, 'hkjhjhk', 'zfxgvzcxb', 12, 1, '2014-02-05 08:31:45.925', NULL, '1', NULL);
INSERT INTO sgp_departamento (id_departamento, nombre, descripcion, id_pais, ind_activo, fec_creacion, fec_edita, usuario_crea, usuario_edita) VALUES (19, 'gfh', 'dfghdfh', 12, 1, '2014-02-05 17:03:17.545', NULL, '1', NULL);
INSERT INTO sgp_departamento (id_departamento, nombre, descripcion, id_pais, ind_activo, fec_creacion, fec_edita, usuario_crea, usuario_edita) VALUES (20, 'aaaaaaaaaaaaaaaaa', 'qqqqqqqqqqqqqqqqq', 20, 1, '2014-02-05 17:37:17.689', NULL, '1', NULL);
INSERT INTO sgp_departamento (id_departamento, nombre, descripcion, id_pais, ind_activo, fec_creacion, fec_edita, usuario_crea, usuario_edita) VALUES (21, 'cauca', 'tierra de cantores', 1, 1, '2014-02-05 17:38:43.656', NULL, '1', NULL);
INSERT INTO sgp_departamento (id_departamento, nombre, descripcion, id_pais, ind_activo, fec_creacion, fec_edita, usuario_crea, usuario_edita) VALUES (22, 'Berte', 'la berraquerra', 1, 1, '2014-02-05 17:45:21.256', NULL, '1', NULL);
INSERT INTO sgp_departamento (id_departamento, nombre, descripcion, id_pais, ind_activo, fec_creacion, fec_edita, usuario_crea, usuario_edita) VALUES (23, 'adsgsdf', 'vanoas', 22, 1, '2014-02-05 17:50:58.684', NULL, '1', NULL);
INSERT INTO sgp_departamento (id_departamento, nombre, descripcion, id_pais, ind_activo, fec_creacion, fec_edita, usuario_crea, usuario_edita) VALUES (24, 'Inglaterra', '10101010101', 2, 1, '2014-02-05 17:51:15.416', NULL, '1', NULL);
INSERT INTO sgp_departamento (id_departamento, nombre, descripcion, id_pais, ind_activo, fec_creacion, fec_edita, usuario_crea, usuario_edita) VALUES (26, 'cvxbc', 'cxvbcvxb', 11, 1, '2014-02-11 10:08:19.199', NULL, 'anonymousUser', NULL);
INSERT INTO sgp_departamento (id_departamento, nombre, descripcion, id_pais, ind_activo, fec_creacion, fec_edita, usuario_crea, usuario_edita) VALUES (27, 'gfncghn', 'cvbcvb', 14, 1, '2014-02-11 10:08:33.569', NULL, 'anonymousUser', NULL);
INSERT INTO sgp_departamento (id_departamento, nombre, descripcion, id_pais, ind_activo, fec_creacion, fec_edita, usuario_crea, usuario_edita) VALUES (28, 'Lima', 'Donde las llamas', 3, 1, '2014-02-11 10:09:40.873', NULL, 'anonymousUser', NULL);
INSERT INTO sgp_departamento (id_departamento, nombre, descripcion, id_pais, ind_activo, fec_creacion, fec_edita, usuario_crea, usuario_edita) VALUES (29, 'cauca dokkj', 'tierra de cantores', 1, 1, '2014-02-11 10:10:54.453', NULL, 'anonymousUser', NULL);
INSERT INTO sgp_departamento (id_departamento, nombre, descripcion, id_pais, ind_activo, fec_creacion, fec_edita, usuario_crea, usuario_edita) VALUES (30, 'asgard', 'las valkirias', 17, 1, '2014-02-11 10:17:44.925', NULL, 'anonymousUser', NULL);
INSERT INTO sgp_departamento (id_departamento, nombre, descripcion, id_pais, ind_activo, fec_creacion, fec_edita, usuario_crea, usuario_edita) VALUES (31, 'mmmeeerooo', 'meroo', 20, 1, '2014-02-11 10:19:46.717', NULL, 'anonymousUser', NULL);
INSERT INTO sgp_departamento (id_departamento, nombre, descripcion, id_pais, ind_activo, fec_creacion, fec_edita, usuario_crea, usuario_edita) VALUES (32, 'Prueba hawer', 'hawer', 3, 1, '2014-02-11 10:37:29.442', NULL, 'anonymousUser', NULL);
INSERT INTO sgp_departamento (id_departamento, nombre, descripcion, id_pais, ind_activo, fec_creacion, fec_edita, usuario_crea, usuario_edita) VALUES (33, 'prueba1', 'dsfadsfads', 17, 1, '2014-02-11 14:07:42.384', NULL, 'anonymousUser', NULL);
INSERT INTO sgp_departamento (id_departamento, nombre, descripcion, id_pais, ind_activo, fec_creacion, fec_edita, usuario_crea, usuario_edita) VALUES (34, 'aaaaaaaaaaaaaaaaaaaaaa', 'aaaaaaaaaaaaaaaaaaaaaa', 17, 1, '2014-02-12 16:44:09.011', '2014-02-17 11:03:08.651', 'anonymousUser', 'anonymousUser');
INSERT INTO sgp_departamento (id_departamento, nombre, descripcion, id_pais, ind_activo, fec_creacion, fec_edita, usuario_crea, usuario_edita) VALUES (35, 'Valle del Caucab1qa', 'aaaaaaaaaaaaaaaaaaa', 1, 1, '2014-02-17 09:10:10.903', NULL, 'anonymousUser', NULL);
INSERT INTO sgp_departamento (id_departamento, nombre, descripcion, id_pais, ind_activo, fec_creacion, fec_edita, usuario_crea, usuario_edita) VALUES (36, 'Valle del Caucaaaaaaaaaaaaaaa', 'aaaaaaaaaaaaaaaaaaaaaaaaaa', 1, 0, '2014-02-17 09:10:33.826', NULL, 'anonymousUser', NULL);
INSERT INTO sgp_departamento (id_departamento, nombre, descripcion, id_pais, ind_activo, fec_creacion, fec_edita, usuario_crea, usuario_edita) VALUES (37, 'dfgdsfg', 'sdgfdf', 20, 1, '2014-02-17 11:02:55.226', NULL, 'anonymousUser', NULL);
INSERT INTO sgp_departamento (id_departamento, nombre, descripcion, id_pais, ind_activo, fec_creacion, fec_edita, usuario_crea, usuario_edita) VALUES (39, 'gg', 'dsdds', 14, 1, '2014-02-26 14:33:02.787', '2014-03-06 16:02:22.129', 'admin', 'admin');


--
-- TOC entry 2058 (class 0 OID 28217)
-- Dependencies: 165 2059 2075
-- Data for Name: sgp_ciudad; Type: TABLE DATA; Schema: public; Owner: sgpdesa
--

INSERT INTO sgp_ciudad (id_ciudad, nombre, descripcion, id_departamento, ind_activo, fec_creacion, fec_edita, usuario_edita, usuario_crea) VALUES (2, 'Esto es Londres', 'hgfh', 2, 0, '2014-01-20 11:50:00', '2014-02-17 12:15:31.18', 'anonymousUser', NULL);
INSERT INTO sgp_ciudad (id_ciudad, nombre, descripcion, id_departamento, ind_activo, fec_creacion, fec_edita, usuario_edita, usuario_crea) VALUES (3, 'Palmira', 'fghg', 1, 1, '2014-01-20 11:50:00', NULL, NULL, NULL);
INSERT INTO sgp_ciudad (id_ciudad, nombre, descripcion, id_departamento, ind_activo, fec_creacion, fec_edita, usuario_edita, usuario_crea) VALUES (4, 'zzzzzzzzzzzzzzzzzzzzz', 'zzzzzzzzzzzzzzzzzzzzzz', 30, 1, '2014-02-11 17:33:04.63', NULL, NULL, 'anonymousUser');
INSERT INTO sgp_ciudad (id_ciudad, nombre, descripcion, id_departamento, ind_activo, fec_creacion, fec_edita, usuario_edita, usuario_crea) VALUES (5, 'kljljl', 'cvbxcv', 30, 1, '2014-02-11 18:15:18.86', NULL, NULL, 'anonymousUser');
INSERT INTO sgp_ciudad (id_ciudad, nombre, descripcion, id_departamento, ind_activo, fec_creacion, fec_edita, usuario_edita, usuario_crea) VALUES (6, 'ssssssssssssssss', 'ssssssssssssssssss', 30, 1, '2014-02-12 08:07:12.577', NULL, NULL, 'anonymousUser');
INSERT INTO sgp_ciudad (id_ciudad, nombre, descripcion, id_departamento, ind_activo, fec_creacion, fec_edita, usuario_edita, usuario_crea) VALUES (7, 'ddddddddddddd', 'ddddddddddddddd', 30, 1, '2014-02-12 09:21:54.519', NULL, NULL, 'anonymousUser');
INSERT INTO sgp_ciudad (id_ciudad, nombre, descripcion, id_departamento, ind_activo, fec_creacion, fec_edita, usuario_edita, usuario_crea) VALUES (9, 'mariquita', 'Mariquita linda', 21, 1, '2014-02-17 10:39:51.624', '2014-02-21 10:45:25.845', 'admin', 'anonymousUser');
INSERT INTO sgp_ciudad (id_ciudad, nombre, descripcion, id_departamento, ind_activo, fec_creacion, fec_edita, usuario_edita, usuario_crea) VALUES (11, 'fghdfs', 'dfgdfg', 33, 1, '2014-02-17 15:13:52.697', NULL, NULL, 'anonymousUser');
INSERT INTO sgp_ciudad (id_ciudad, nombre, descripcion, id_departamento, ind_activo, fec_creacion, fec_edita, usuario_edita, usuario_crea) VALUES (12, 'q', '', 7, 1, '2014-02-26 08:25:48.377', NULL, NULL, 'anonymousUser');
INSERT INTO sgp_ciudad (id_ciudad, nombre, descripcion, id_departamento, ind_activo, fec_creacion, fec_edita, usuario_edita, usuario_crea) VALUES (13, 'preee', '', 8, 1, '2014-02-26 08:29:03.504', NULL, NULL, 'anonymousUser');
INSERT INTO sgp_ciudad (id_ciudad, nombre, descripcion, id_departamento, ind_activo, fec_creacion, fec_edita, usuario_edita, usuario_crea) VALUES (8, 'qazwsx popup', 'pruebaprueba', 30, 1, '2014-02-17 08:28:48.811', '2014-03-06 15:46:34.188', 'admin', 'admin');
INSERT INTO sgp_ciudad (id_ciudad, nombre, descripcion, id_departamento, ind_activo, fec_creacion, fec_edita, usuario_edita, usuario_crea) VALUES (14, 'Prueba nc', 'dsdsdds', 38, 1, '2014-03-06 17:12:41.87', NULL, NULL, 'admin');
INSERT INTO sgp_ciudad (id_ciudad, nombre, descripcion, id_departamento, ind_activo, fec_creacion, fec_edita, usuario_edita, usuario_crea) VALUES (15, 'afdsds', 'ds', 23, 1, '2014-03-07 10:40:50.323', NULL, NULL, 'admin');
INSERT INTO sgp_ciudad (id_ciudad, nombre, descripcion, id_departamento, ind_activo, fec_creacion, fec_edita, usuario_edita, usuario_crea) VALUES (16, 'dfg', 'dfsgfdfs', 38, 1, '2014-03-07 10:42:37.225', NULL, NULL, 'admin');
INSERT INTO sgp_ciudad (id_ciudad, nombre, descripcion, id_departamento, ind_activo, fec_creacion, fec_edita, usuario_edita, usuario_crea) VALUES (17, 'ffdf', 'sdfsd', 1, 1, '2014-03-07 10:44:37.211', NULL, NULL, 'admin');
INSERT INTO sgp_ciudad (id_ciudad, nombre, descripcion, id_departamento, ind_activo, fec_creacion, fec_edita, usuario_edita, usuario_crea) VALUES (18, 'dfdfsf', 'asfds', 8, 1, '2014-03-07 10:44:59.031', NULL, NULL, 'admin');
INSERT INTO sgp_ciudad (id_ciudad, nombre, descripcion, id_departamento, ind_activo, fec_creacion, fec_edita, usuario_edita, usuario_crea) VALUES (10, 'cali bella', 'tierra de lindas', 31, 1, '2014-02-17 11:16:56.862', '2014-03-12 08:59:00.361', 'admin', 'anonymousUser');
INSERT INTO sgp_ciudad (id_ciudad, nombre, descripcion, id_departamento, ind_activo, fec_creacion, fec_edita, usuario_edita, usuario_crea) VALUES (1, 'Santiago de Cali', 'prueba nc 5', 1, 1, '2014-01-20 11:50:00', '2014-03-12 09:30:16.999', 'admin', NULL);


--
-- TOC entry 2060 (class 0 OID 28229)
-- Dependencies: 167 2058 2075
-- Data for Name: sgp_empresa; Type: TABLE DATA; Schema: public; Owner: sgpdesa
--

INSERT INTO sgp_empresa (id_empresa, nombre, id_ciudad, descripcion, ruta_logo, direccion, telefono, nit, ind_activo, fec_creacion, fec_edita, usuario_crea, usuario_edita) VALUES (1, 'Premize', 1, 'Los servicios de IT empresarial se han ido convirtiendo en una tarea crítica de forma incremental. Cada vez son mayores las metodologías, mejores prácticas y recomendaciones con un innumerable conjunto de acrónimos difíciles de entender y trabajar al mismo tiempo para cualquier gerente de TI, por lo que muchos de ellos están mirando hacia el outsourcing para resolver tanta complejidad.  Lo mismo sucede con la escogencia de un partner adecuado. A pesar que estos también están evolucionando, el nuevo juego consiste en escoger uno que tenga las mejores alianzas estratégicas mientras transforma su negocio.  En vez de contar con numerosos proveedores de servicios de TI las organizaciones deberían enfocarse en dos o tres estratégicos que les permitan transferir su complejidad.  Premize quiere romper los esquemas tradicionales para entregarle a su organización soluciones completas y facilitarle la administración de relaciones.', 'https://encrypted-tbn1.gstatic.com/images?q=tbn:ANd9GcTmkG52R9mrK8OIOdWfTkn4VoGHMNVd-QVFCmVqz_VJSMqFa8iTYGvBX4Pw', 'Carrera 83A # 17-63 ', '3715556', '123.456.789-1', 1, '2014-01-20 11:50:00', '2014-02-19 09:38:28.229', '1', 'anonymousUser');
INSERT INTO sgp_empresa (id_empresa, nombre, id_ciudad, descripcion, ruta_logo, direccion, telefono, nit, ind_activo, fec_creacion, fec_edita, usuario_crea, usuario_edita) VALUES (48, 'Guardar', 1, '				gardar						', 'http://t1.gstatic.com/images?q=tbn:ANd9GcQSTsFrKGBcSK04kvvCAS7xK6kwbNfQCcsO2oWpk2l8C34LTVykJg', '13', '13', '13', 1, '2014-02-13 16:29:09.792', NULL, 'admin', NULL);
INSERT INTO sgp_empresa (id_empresa, nombre, id_ciudad, descripcion, ruta_logo, direccion, telefono, nit, ind_activo, fec_creacion, fec_edita, usuario_crea, usuario_edita) VALUES (50, 'yuli 3', 1, 'a										', 'C:\Users\PC\Pictures/13923289868081003763_223422634475084_823569281_n.jpg', '1', '1', '1', 1, '2014-02-13 17:03:06.812', NULL, 'admin', NULL);
INSERT INTO sgp_empresa (id_empresa, nombre, id_ciudad, descripcion, ruta_logo, direccion, telefono, nit, ind_activo, fec_creacion, fec_edita, usuario_crea, usuario_edita) VALUES (52, 'empresa 4', 1, '1										', 'C:\Users\PC\Pictures/13923294323021426480_249354628548551_239273507_n.jpg', '123', '123', '123', 1, '2014-02-13 17:10:32.306', NULL, 'admin', NULL);
INSERT INTO sgp_empresa (id_empresa, nombre, id_ciudad, descripcion, ruta_logo, direccion, telefono, nit, ind_activo, fec_creacion, fec_edita, usuario_crea, usuario_edita) VALUES (53, '123', 1, '			123							', 'C:\Users\PC\Pictures/13923295164221005959_211150659035615_1694848032_n.jpg', '13', '123', '123', 1, '2014-02-13 17:11:56.425', NULL, 'admin', NULL);
INSERT INTO sgp_empresa (id_empresa, nombre, id_ciudad, descripcion, ruta_logo, direccion, telefono, nit, ind_activo, fec_creacion, fec_edita, usuario_crea, usuario_edita) VALUES (56, 'dsadas', 1, 'dasdas										', 'C:\Users\PC\Pictures/1393448847205london.jpg', 'dsadasds', '', '314342', 1, '2014-02-26 16:07:27.208', NULL, 'admin', NULL);
INSERT INTO sgp_empresa (id_empresa, nombre, id_ciudad, descripcion, ruta_logo, direccion, telefono, nit, ind_activo, fec_creacion, fec_edita, usuario_crea, usuario_edita) VALUES (57, 'wwewewewq', 3, '				csdfdsfd						', 'C:\Users\PC\Pictures/1393448937608london.jpg', 'fsdfds', '', 'e14314', 1, '2014-02-26 16:08:57.64', NULL, 'admin', NULL);
INSERT INTO sgp_empresa (id_empresa, nombre, id_ciudad, descripcion, ruta_logo, direccion, telefono, nit, ind_activo, fec_creacion, fec_edita, usuario_crea, usuario_edita) VALUES (58, 'fdfdsf', 1, '		dfsdfds								', 'C:\Users\PC\Pictures/1393449051117Chrysanthemum.jpg', 'rwerwerwer', '3121231', '434324', 1, '2014-02-26 16:10:51.12', NULL, 'admin', NULL);
INSERT INTO sgp_empresa (id_empresa, nombre, id_ciudad, descripcion, ruta_logo, direccion, telefono, nit, ind_activo, fec_creacion, fec_edita, usuario_crea, usuario_edita) VALUES (49, 'Yuli Herrera', 1, 'Modelos 			', 'C:\Users\PC\Pictures/1392914459007flujo.png', 'Calle 1', '318', '999', 1, '2014-02-13 16:54:09.709', '2014-02-26 16:23:13.074', 'anonymousUser', 'admin');
INSERT INTO sgp_empresa (id_empresa, nombre, id_ciudad, descripcion, ruta_logo, direccion, telefono, nit, ind_activo, fec_creacion, fec_edita, usuario_crea, usuario_edita) VALUES (59, 'ewewq', 1, '	wewqeqw									', 'C:\Users\PC\Pictures/1393449909225Tulips.jpg', 'dsadasd', '', '4343', 1, '2014-02-26 16:25:09.228', NULL, 'admin', NULL);
INSERT INTO sgp_empresa (id_empresa, nombre, id_ciudad, descripcion, ruta_logo, direccion, telefono, nit, ind_activo, fec_creacion, fec_edita, usuario_crea, usuario_edita) VALUES (41, 'Empresa Real', 1, '		ddfdsf								', 'C:\Users\PC\Pictures/13923316118631471396_256109541206393_348862646_n.jpg', '', '3183816771', '3434', 1, '2014-01-31 11:10:12.287', '2014-02-26 17:11:30.948', '1', 'admin');
INSERT INTO sgp_empresa (id_empresa, nombre, id_ciudad, descripcion, ruta_logo, direccion, telefono, nit, ind_activo, fec_creacion, fec_edita, usuario_crea, usuario_edita) VALUES (60, 'sdgsgs', 12, 'sdfsdf										', 'C:\Users\PC\Pictures/13934527358921392914459007flujo.png', 'fsdf', '', 'sdfsdf', 1, '2014-02-26 17:12:15.895', NULL, 'admin', NULL);
INSERT INTO sgp_empresa (id_empresa, nombre, id_ciudad, descripcion, ruta_logo, direccion, telefono, nit, ind_activo, fec_creacion, fec_edita, usuario_crea, usuario_edita) VALUES (55, 'sdgsdg', 9, 'sdfgsdg									', 'C:\Users\PC\Pictures/13929238246261392914459007flujo.png', 'calle 67 #12-34', '346346', 'sdgdsg', 1, '2014-02-20 14:17:04.631', '2014-02-26 17:13:25.872', 'anonymousUser', 'admin');
INSERT INTO sgp_empresa (id_empresa, nombre, id_ciudad, descripcion, ruta_logo, direccion, telefono, nit, ind_activo, fec_creacion, fec_edita, usuario_crea, usuario_edita) VALUES (47, 'Empresa nueva', 1, '										', 'https://encrypted-tbn3.gstatic.com/images?q=tbn:ANd9GcQmXiq5Bz98ZH8HvWiqcJbtcIjW3Lis7UsepDN-Z0-csaPNoJ2gn6LlEvbB', '', '', '', 1, '2014-02-04 18:30:31.407', '2014-02-26 17:14:06.645', '1', 'admin');
INSERT INTO sgp_empresa (id_empresa, nombre, id_ciudad, descripcion, ruta_logo, direccion, telefono, nit, ind_activo, fec_creacion, fec_edita, usuario_crea, usuario_edita) VALUES (54, 'sdgds', 9, 'sdgsdg		g							', 'C:\Users\PC\Pictures/1392912930030npm.jpg', 'gsdgsdg', '34636', 'sdgsdg', 1, '2014-02-20 11:15:46.664', '2014-02-26 17:19:52.067', 'admin', 'anonymousUser');
INSERT INTO sgp_empresa (id_empresa, nombre, id_ciudad, descripcion, ruta_logo, direccion, telefono, nit, ind_activo, fec_creacion, fec_edita, usuario_crea, usuario_edita) VALUES (51, 'Test', 1, '		Test								', 'C:\Users\PC\Pictures\/13947593545951394136565559v8.jpg', '1', '123', '123', 0, '2014-02-13 17:06:37.188', '2014-03-13 20:09:14.597', 'admin', 'admin');
INSERT INTO sgp_empresa (id_empresa, nombre, id_ciudad, descripcion, ruta_logo, direccion, telefono, nit, ind_activo, fec_creacion, fec_edita, usuario_crea, usuario_edita) VALUES (61, 'dsgsdg', 10, 'sdfsdfsd', 'C:\Users\PC\Pictures\/13947594013351394136565559v8.jpg', 'sdfsdfs', '2352354', 'sdfsdfs', 1, '2014-03-13 20:10:01.337', NULL, 'admin', NULL);


--
-- TOC entry 2068 (class 0 OID 28268)
-- Dependencies: 175 2060 2075
-- Data for Name: sgp_proyecto; Type: TABLE DATA; Schema: public; Owner: sgpdesa
--

INSERT INTO sgp_proyecto (id_proyecto, nombre, descripcion, id_empresa, ind_activo, fec_creacion, fec_edita, usuario_crea, usuario_edita) VALUES (14, 'prueba por nc', 'prueba popup
						', 1, 1, '2014-02-27 17:45:23.161', '2014-03-06 15:49:06.868', 'admin', 'admin');
INSERT INTO sgp_proyecto (id_proyecto, nombre, descripcion, id_empresa, ind_activo, fec_creacion, fec_edita, usuario_crea, usuario_edita) VALUES (2, 'aaaaaaaaaaaaaaaaaaaaaabbbbbbbbbbbb', 'me encantan las canciones de amor y aquellas
						', 1, 1, '2014-02-06 16:48:01.665', '2014-03-06 16:26:03.864', 'anonymousUser', 'admin');
INSERT INTO sgp_proyecto (id_proyecto, nombre, descripcion, id_empresa, ind_activo, fec_creacion, fec_edita, usuario_crea, usuario_edita) VALUES (15, 'prueba por nc descripcion', 'prueba por nc descripcion
						', 1, 1, '2014-03-06 16:27:06.597', NULL, 'admin', NULL);
INSERT INTO sgp_proyecto (id_proyecto, nombre, descripcion, id_empresa, ind_activo, fec_creacion, fec_edita, usuario_crea, usuario_edita) VALUES (16, 'En un lugar de la Mancha, de cuyo nombre no quiero acordarme, no ha mucho tiempo que vivía un hidalg', '
						', 41, 1, '2014-03-07 18:05:21.031', NULL, 'anonymousUser', NULL);
INSERT INTO sgp_proyecto (id_proyecto, nombre, descripcion, id_empresa, ind_activo, fec_creacion, fec_edita, usuario_crea, usuario_edita) VALUES (17, 'Nombre Proyecto', 'Nombre Proyecto', 1, 1, '2014-04-22 14:34:11.747', NULL, 'Valeria.Vasquez', NULL);
INSERT INTO sgp_proyecto (id_proyecto, nombre, descripcion, id_empresa, ind_activo, fec_creacion, fec_edita, usuario_crea, usuario_edita) VALUES (1, 'MotorSoft', 'Sistema para la Administración de Talleres', 1, 1, '2014-01-20 11:50:00', '2014-02-19 16:13:33.027', '1', 'admin');
INSERT INTO sgp_proyecto (id_proyecto, nombre, descripcion, id_empresa, ind_activo, fec_creacion, fec_edita, usuario_crea, usuario_edita) VALUES (3, 'sdfsdf', 'sdfsdfsdf
						', 1, 1, '2014-02-10 11:06:58.945', '2014-02-18 08:51:59.017', 'anonymousUser', 'admin');
INSERT INTO sgp_proyecto (id_proyecto, nombre, descripcion, id_empresa, ind_activo, fec_creacion, fec_edita, usuario_crea, usuario_edita) VALUES (4, 'Proyecto', 'Descripción..
						', 47, 1, '2014-02-10 11:12:20.696', '2014-02-18 08:05:33.592', 'anonymousUser', 'anonymousUser');
INSERT INTO sgp_proyecto (id_proyecto, nombre, descripcion, id_empresa, ind_activo, fec_creacion, fec_edita, usuario_crea, usuario_edita) VALUES (5, 'dgsdg', 'sdfsdf
						', 53, 1, '2014-02-14 17:46:45.374', '2014-02-18 08:41:08.846', 'admin', 'admin');
INSERT INTO sgp_proyecto (id_proyecto, nombre, descripcion, id_empresa, ind_activo, fec_creacion, fec_edita, usuario_crea, usuario_edita) VALUES (6, 'dgdfg', 'ssdfsdf
						', 1, 1, '2014-02-14 17:49:09.517', '2014-02-19 16:14:39.688', 'admin', 'admin');
INSERT INTO sgp_proyecto (id_proyecto, nombre, descripcion, id_empresa, ind_activo, fec_creacion, fec_edita, usuario_crea, usuario_edita) VALUES (7, 'sdgsdg', 'sdgsdg
						', 1, 1, '2014-02-14 17:50:48.986', NULL, 'admin', NULL);
INSERT INTO sgp_proyecto (id_proyecto, nombre, descripcion, id_empresa, ind_activo, fec_creacion, fec_edita, usuario_crea, usuario_edita) VALUES (8, 'Proyecto', 'asfasf
						', 51, 1, '2014-02-17 15:50:08.647', '2014-02-17 16:22:55.111', 'anonymousUser', 'anonymousUser');
INSERT INTO sgp_proyecto (id_proyecto, nombre, descripcion, id_empresa, ind_activo, fec_creacion, fec_edita, usuario_crea, usuario_edita) VALUES (9, 'sdfdsf', 'sdfdsf
						', 48, 1, '2014-02-17 17:04:10.18', '2014-02-17 17:04:18.328', 'anonymousUser', 'anonymousUser');
INSERT INTO sgp_proyecto (id_proyecto, nombre, descripcion, id_empresa, ind_activo, fec_creacion, fec_edita, usuario_crea, usuario_edita) VALUES (10, 'sdfdsf', 'sdfsdf
						', 49, 1, '2014-02-18 08:59:38.549', '2014-02-19 16:16:48.473', 'admin', 'admin');
INSERT INTO sgp_proyecto (id_proyecto, nombre, descripcion, id_empresa, ind_activo, fec_creacion, fec_edita, usuario_crea, usuario_edita) VALUES (11, 'Proyecto..', 'Descripción...		', 1, 1, '2014-02-18 09:44:26.914', '2014-02-18 09:45:16.581', 'anonymousUser', 'anonymousUser');
INSERT INTO sgp_proyecto (id_proyecto, nombre, descripcion, id_empresa, ind_activo, fec_creacion, fec_edita, usuario_crea, usuario_edita) VALUES (12, 'sdfdsf', 'sddsg
						', 50, 1, '2014-02-20 18:21:15.683', NULL, 'admin', NULL);
INSERT INTO sgp_proyecto (id_proyecto, nombre, descripcion, id_empresa, ind_activo, fec_creacion, fec_edita, usuario_crea, usuario_edita) VALUES (13, 'reertreggg', '
						', 41, 1, '2014-02-26 17:09:25.067', '2014-02-26 17:09:52.911', 'anonymousUser', 'anonymousUser');


--
-- TOC entry 2070 (class 0 OID 28280)
-- Dependencies: 177 2075
-- Data for Name: sgp_tipo_artefacto; Type: TABLE DATA; Schema: public; Owner: sgpdesa
--

INSERT INTO sgp_tipo_artefacto (id_tipo_artefacto, nombre, descripcion, ind_activo, fec_creacion, fec_edita, usuario_crea, usuario_edita) VALUES (1, 'Requerimiento', 'a', 1, '2014-01-20 11:50:00', NULL, '1', NULL);
INSERT INTO sgp_tipo_artefacto (id_tipo_artefacto, nombre, descripcion, ind_activo, fec_creacion, fec_edita, usuario_crea, usuario_edita) VALUES (2, 'Caso de Uso', 'a', 1, '2014-01-20 11:50:00', NULL, '1', NULL);
INSERT INTO sgp_tipo_artefacto (id_tipo_artefacto, nombre, descripcion, ind_activo, fec_creacion, fec_edita, usuario_crea, usuario_edita) VALUES (3, 'Caracterización', 'a', 1, '2014-01-20 11:50:00', NULL, '1', NULL);
INSERT INTO sgp_tipo_artefacto (id_tipo_artefacto, nombre, descripcion, ind_activo, fec_creacion, fec_edita, usuario_crea, usuario_edita) VALUES (4, 'Prototipo', 'a', 1, '2014-01-20 11:50:00', NULL, '1', NULL);
INSERT INTO sgp_tipo_artefacto (id_tipo_artefacto, nombre, descripcion, ind_activo, fec_creacion, fec_edita, usuario_crea, usuario_edita) VALUES (5, 'MDF', 'Matriz de Descomposición Funional', 1, '2014-01-20 11:50:00', NULL, '1', NULL);


--
-- TOC entry 2056 (class 0 OID 28205)
-- Dependencies: 163 2070 2068 2075
-- Data for Name: sgp_artefacto; Type: TABLE DATA; Schema: public; Owner: sgpdesa
--

INSERT INTO sgp_artefacto (id_artefacto, id_tipo_artefacto, nombre, descripcion, ind_activo, fec_creacion, fec_edita, usuario_crea, usuario_edita, id_proyecto) VALUES (1, 1, 'Artefacto 1 bbbbbbbbbbb', 'Artefacto muy bonito', 1, '2014-02-11 00:00:00', '2014-03-06 11:42:12.731', '1', 'anonymousUser', 1);
INSERT INTO sgp_artefacto (id_artefacto, id_tipo_artefacto, nombre, descripcion, ind_activo, fec_creacion, fec_edita, usuario_crea, usuario_edita, id_proyecto) VALUES (2, 1, 'Artefacto 2', 'Artefacto Feo', 1, '2014-02-11 00:00:00', '2014-02-21 18:26:43.181', '1', 'admin', 1);
INSERT INTO sgp_artefacto (id_artefacto, id_tipo_artefacto, nombre, descripcion, ind_activo, fec_creacion, fec_edita, usuario_crea, usuario_edita, id_proyecto) VALUES (3, 1, 'Artefacto 3', 'Artefacto mas o menos', 1, '2014-02-11 00:00:00', NULL, '1', NULL, 1);
INSERT INTO sgp_artefacto (id_artefacto, id_tipo_artefacto, nombre, descripcion, ind_activo, fec_creacion, fec_edita, usuario_crea, usuario_edita, id_proyecto) VALUES (27, 5, 'Artefacto 4', 'Este es el más guapo.					', 1, '2014-02-14 09:35:35.319', NULL, 'anonymousUser', NULL, 4);
INSERT INTO sgp_artefacto (id_artefacto, id_tipo_artefacto, nombre, descripcion, ind_activo, fec_creacion, fec_edita, usuario_crea, usuario_edita, id_proyecto) VALUES (28, 5, 'Artefacto 5', '
						', 1, '2014-02-14 12:23:17.519', NULL, 'anonymousUser', NULL, 1);
INSERT INTO sgp_artefacto (id_artefacto, id_tipo_artefacto, nombre, descripcion, ind_activo, fec_creacion, fec_edita, usuario_crea, usuario_edita, id_proyecto) VALUES (29, 2, 'Artefacto Prueba', '
						', 1, '2014-02-14 14:27:55.156', NULL, 'anonymousUser', NULL, 1);
INSERT INTO sgp_artefacto (id_artefacto, id_tipo_artefacto, nombre, descripcion, ind_activo, fec_creacion, fec_edita, usuario_crea, usuario_edita, id_proyecto) VALUES (30, 4, 'dfghdfh', '
						', 1, '2014-02-14 15:04:46.195', NULL, 'anonymousUser', NULL, 2);
INSERT INTO sgp_artefacto (id_artefacto, id_tipo_artefacto, nombre, descripcion, ind_activo, fec_creacion, fec_edita, usuario_crea, usuario_edita, id_proyecto) VALUES (31, 3, 'Nombre Artefacto', '
						', 1, '2014-02-14 15:12:54.597', NULL, 'anonymousUser', NULL, 1);
INSERT INTO sgp_artefacto (id_artefacto, id_tipo_artefacto, nombre, descripcion, ind_activo, fec_creacion, fec_edita, usuario_crea, usuario_edita, id_proyecto) VALUES (35, 1, 'sdfgg', '
						', 1, '2014-02-18 09:48:31.891', NULL, 'anonymousUser', NULL, 1);
INSERT INTO sgp_artefacto (id_artefacto, id_tipo_artefacto, nombre, descripcion, ind_activo, fec_creacion, fec_edita, usuario_crea, usuario_edita, id_proyecto) VALUES (36, 5, 'sdfsdf', '
						', 1, '2014-02-21 17:20:50.58', NULL, 'anonymousUser', NULL, 1);
INSERT INTO sgp_artefacto (id_artefacto, id_tipo_artefacto, nombre, descripcion, ind_activo, fec_creacion, fec_edita, usuario_crea, usuario_edita, id_proyecto) VALUES (37, 1, 'dsfsdf', '
						', 1, '2014-02-21 17:21:34.378', NULL, 'anonymousUser', NULL, 10);
INSERT INTO sgp_artefacto (id_artefacto, id_tipo_artefacto, nombre, descripcion, ind_activo, fec_creacion, fec_edita, usuario_crea, usuario_edita, id_proyecto) VALUES (42, 1, 'CUSIP20131009_008_Reporte Beneficiarios Nuevos De Asociados con Auxilio', 'dskljs', 1, '2014-02-27 00:00:00', NULL, 'admin', NULL, 1);


--
-- TOC entry 2065 (class 0 OID 28253)
-- Dependencies: 172 2068 2075
-- Data for Name: sgp_mapa_prueba; Type: TABLE DATA; Schema: public; Owner: sgpdesa
--

INSERT INTO sgp_mapa_prueba (id_mapa_prueba, id_proyecto, nombre, ind_activo, fec_creacion, fec_edita, usuario_crea, usuario_edita) VALUES (8, 1, 'Mapa 8 carajo', 1, '2014-02-13 08:02:20.856', NULL, 'admin', NULL);
INSERT INTO sgp_mapa_prueba (id_mapa_prueba, id_proyecto, nombre, ind_activo, fec_creacion, fec_edita, usuario_crea, usuario_edita) VALUES (10, 1, 'mapa 10', 1, '2014-02-13 08:06:16.109', '2014-02-20 16:35:09.842', 'admin', 'admin');
INSERT INTO sgp_mapa_prueba (id_mapa_prueba, id_proyecto, nombre, ind_activo, fec_creacion, fec_edita, usuario_crea, usuario_edita) VALUES (11, 2, 'Mapa 11', 1, '2014-02-13 08:13:47.126', NULL, 'admin', NULL);
INSERT INTO sgp_mapa_prueba (id_mapa_prueba, id_proyecto, nombre, ind_activo, fec_creacion, fec_edita, usuario_crea, usuario_edita) VALUES (12, 3, 'mapa 12', 1, '2014-02-13 08:15:14.939', NULL, 'admin', NULL);
INSERT INTO sgp_mapa_prueba (id_mapa_prueba, id_proyecto, nombre, ind_activo, fec_creacion, fec_edita, usuario_crea, usuario_edita) VALUES (13, 1, 'Mapa infinito', 1, '2014-02-13 08:22:54.67', NULL, 'admin', NULL);
INSERT INTO sgp_mapa_prueba (id_mapa_prueba, id_proyecto, nombre, ind_activo, fec_creacion, fec_edita, usuario_crea, usuario_edita) VALUES (14, 1, 'Mapa infinito', 1, '2014-02-13 08:37:02.375', NULL, 'admin', NULL);
INSERT INTO sgp_mapa_prueba (id_mapa_prueba, id_proyecto, nombre, ind_activo, fec_creacion, fec_edita, usuario_crea, usuario_edita) VALUES (16, 1, 'srdtfyguhbijnomk', 0, '2014-02-13 08:55:41.15', NULL, 'admin', NULL);
INSERT INTO sgp_mapa_prueba (id_mapa_prueba, id_proyecto, nombre, ind_activo, fec_creacion, fec_edita, usuario_crea, usuario_edita) VALUES (17, 3, 'test test test', 0, '2014-02-13 08:56:18.05', NULL, 'admin', NULL);
INSERT INTO sgp_mapa_prueba (id_mapa_prueba, id_proyecto, nombre, ind_activo, fec_creacion, fec_edita, usuario_crea, usuario_edita) VALUES (18, 1, 'ppppppp', 1, '2014-02-13 08:56:52.522', NULL, 'admin', NULL);
INSERT INTO sgp_mapa_prueba (id_mapa_prueba, id_proyecto, nombre, ind_activo, fec_creacion, fec_edita, usuario_crea, usuario_edita) VALUES (32, 1, 'hola', 1, '2014-02-26 12:40:48.507', NULL, 'admin', NULL);
INSERT INTO sgp_mapa_prueba (id_mapa_prueba, id_proyecto, nombre, ind_activo, fec_creacion, fec_edita, usuario_crea, usuario_edita) VALUES (19, 1, 'Mapa final Daniel', 0, '2014-02-13 09:37:58.892', NULL, 'admin', NULL);
INSERT INTO sgp_mapa_prueba (id_mapa_prueba, id_proyecto, nombre, ind_activo, fec_creacion, fec_edita, usuario_crea, usuario_edita) VALUES (33, 1, 'pop', 1, '2014-02-26 12:41:29.227', NULL, 'admin', NULL);
INSERT INTO sgp_mapa_prueba (id_mapa_prueba, id_proyecto, nombre, ind_activo, fec_creacion, fec_edita, usuario_crea, usuario_edita) VALUES (20, 1, 'Mapa cambiado', 0, '2014-02-13 12:04:55.684', NULL, 'admin', NULL);
INSERT INTO sgp_mapa_prueba (id_mapa_prueba, id_proyecto, nombre, ind_activo, fec_creacion, fec_edita, usuario_crea, usuario_edita) VALUES (34, 1, 'plato', 1, '2014-02-26 12:57:13.849', NULL, 'admin', NULL);
INSERT INTO sgp_mapa_prueba (id_mapa_prueba, id_proyecto, nombre, ind_activo, fec_creacion, fec_edita, usuario_crea, usuario_edita) VALUES (35, 1, 'pilatooo', 1, '2014-02-26 12:58:20.718', '2014-02-26 12:58:38.053', 'admin', 'admin');
INSERT INTO sgp_mapa_prueba (id_mapa_prueba, id_proyecto, nombre, ind_activo, fec_creacion, fec_edita, usuario_crea, usuario_edita) VALUES (36, 2, 'dsadsadsa', 1, '2014-02-26 12:59:38.569', NULL, 'admin', NULL);
INSERT INTO sgp_mapa_prueba (id_mapa_prueba, id_proyecto, nombre, ind_activo, fec_creacion, fec_edita, usuario_crea, usuario_edita) VALUES (37, 1, 'czxcdfsd', 1, '2014-02-26 14:36:23.948', NULL, 'admin', NULL);
INSERT INTO sgp_mapa_prueba (id_mapa_prueba, id_proyecto, nombre, ind_activo, fec_creacion, fec_edita, usuario_crea, usuario_edita) VALUES (38, 2, 'prueba con buscar', 1, '2014-02-27 15:15:34.453', NULL, 'admin', NULL);
INSERT INTO sgp_mapa_prueba (id_mapa_prueba, id_proyecto, nombre, ind_activo, fec_creacion, fec_edita, usuario_crea, usuario_edita) VALUES (3, 1, 'Primer Mapa de Prueba  Con artefactos', 1, '2014-02-12 15:59:48.519', '2014-02-20 18:08:32.356', 'admin', 'admin');
INSERT INTO sgp_mapa_prueba (id_mapa_prueba, id_proyecto, nombre, ind_activo, fec_creacion, fec_edita, usuario_crea, usuario_edita) VALUES (4, 1, 'Mapa  totalmente', 1, '2014-02-12 19:15:35.14', '2014-02-13 14:38:45.47', 'anonymousUser', NULL);
INSERT INTO sgp_mapa_prueba (id_mapa_prueba, id_proyecto, nombre, ind_activo, fec_creacion, fec_edita, usuario_crea, usuario_edita) VALUES (5, 1, 'Mapa ', 1, '2014-02-12 19:16:11.491', NULL, 'admin', NULL);
INSERT INTO sgp_mapa_prueba (id_mapa_prueba, id_proyecto, nombre, ind_activo, fec_creacion, fec_edita, usuario_crea, usuario_edita) VALUES (6, 1, 'Mapa ', 1, '2014-02-12 19:18:00.916', NULL, 'anonymousUser', NULL);
INSERT INTO sgp_mapa_prueba (id_mapa_prueba, id_proyecto, nombre, ind_activo, fec_creacion, fec_edita, usuario_crea, usuario_edita) VALUES (7, 1, 'Mapa si señor', 1, '2014-02-13 08:01:21.825', NULL, 'admin', NULL);
INSERT INTO sgp_mapa_prueba (id_mapa_prueba, id_proyecto, nombre, ind_activo, fec_creacion, fec_edita, usuario_crea, usuario_edita) VALUES (9, 1, 'Mapa ', 1, '2014-02-13 08:05:35.761', NULL, 'admin', NULL);
INSERT INTO sgp_mapa_prueba (id_mapa_prueba, id_proyecto, nombre, ind_activo, fec_creacion, fec_edita, usuario_crea, usuario_edita) VALUES (21, 1, 'Mapa 4  Modificado', 1, '2014-02-13 12:22:25.224', NULL, 'admin', NULL);
INSERT INTO sgp_mapa_prueba (id_mapa_prueba, id_proyecto, nombre, ind_activo, fec_creacion, fec_edita, usuario_crea, usuario_edita) VALUES (22, 1, 'Mapa ', 1, '2014-02-13 14:32:04.932', '2014-02-19 15:05:03.223', 'admin', 'admin');
INSERT INTO sgp_mapa_prueba (id_mapa_prueba, id_proyecto, nombre, ind_activo, fec_creacion, fec_edita, usuario_crea, usuario_edita) VALUES (39, 1, 'Prueba por ', 1, '2014-02-27 17:14:34.265', NULL, 'admin', NULL);
INSERT INTO sgp_mapa_prueba (id_mapa_prueba, id_proyecto, nombre, ind_activo, fec_creacion, fec_edita, usuario_crea, usuario_edita) VALUES (1, 1, 'Parametrizacion de Usuarios', 1, '2014-01-20 11:56:00', '2014-02-14 15:07:08.283', '1', 'admin');
INSERT INTO sgp_mapa_prueba (id_mapa_prueba, id_proyecto, nombre, ind_activo, fec_creacion, fec_edita, usuario_crea, usuario_edita) VALUES (2, 1, 'Parametrizacion de Colores', 1, '2014-01-20 11:56:00', NULL, '1', NULL);
INSERT INTO sgp_mapa_prueba (id_mapa_prueba, id_proyecto, nombre, ind_activo, fec_creacion, fec_edita, usuario_crea, usuario_edita) VALUES (40, 3, 'sdfsfsdfs', 1, '2014-03-07 15:20:02.082', '2014-03-07 15:24:04.924', 'admin', 'anonymousUser');
INSERT INTO sgp_mapa_prueba (id_mapa_prueba, id_proyecto, nombre, ind_activo, fec_creacion, fec_edita, usuario_crea, usuario_edita) VALUES (41, 2, 'Mapa de pruebas colores', 1, '2014-03-09 11:51:13.242', NULL, 'admin', NULL);
INSERT INTO sgp_mapa_prueba (id_mapa_prueba, id_proyecto, nombre, ind_activo, fec_creacion, fec_edita, usuario_crea, usuario_edita) VALUES (23, 1, 'Primer Mapa de Prueba ', 1, '2014-02-14 14:32:13.376', '2014-02-14 15:03:59.313', 'admin', 'admin');
INSERT INTO sgp_mapa_prueba (id_mapa_prueba, id_proyecto, nombre, ind_activo, fec_creacion, fec_edita, usuario_crea, usuario_edita) VALUES (24, 1, 'Mapaa creado con nueva modal - Modificado', 1, '2014-02-14 15:03:02.686', '2014-02-14 15:03:18.13', 'admin', 'admin');
INSERT INTO sgp_mapa_prueba (id_mapa_prueba, id_proyecto, nombre, ind_activo, fec_creacion, fec_edita, usuario_crea, usuario_edita) VALUES (25, 1, '1', 1, '2014-02-14 15:05:45.101', NULL, 'admin', NULL);
INSERT INTO sgp_mapa_prueba (id_mapa_prueba, id_proyecto, nombre, ind_activo, fec_creacion, fec_edita, usuario_crea, usuario_edita) VALUES (26, 4, 'Mapa Carola', 1, '2014-02-19 15:02:19.778', NULL, 'admin', NULL);
INSERT INTO sgp_mapa_prueba (id_mapa_prueba, id_proyecto, nombre, ind_activo, fec_creacion, fec_edita, usuario_crea, usuario_edita) VALUES (27, 4, 'Mapa Carol2', 1, '2014-02-19 15:03:41.973', NULL, 'admin', NULL);
INSERT INTO sgp_mapa_prueba (id_mapa_prueba, id_proyecto, nombre, ind_activo, fec_creacion, fec_edita, usuario_crea, usuario_edita) VALUES (28, 7, 'ajajaja', 1, '2014-02-19 15:05:34.541', NULL, 'admin', NULL);
INSERT INTO sgp_mapa_prueba (id_mapa_prueba, id_proyecto, nombre, ind_activo, fec_creacion, fec_edita, usuario_crea, usuario_edita) VALUES (29, 11, 'ssss', 0, '2014-02-19 15:14:09.382', NULL, 'admin', NULL);
INSERT INTO sgp_mapa_prueba (id_mapa_prueba, id_proyecto, nombre, ind_activo, fec_creacion, fec_edita, usuario_crea, usuario_edita) VALUES (30, 1, 'vvvvw', 1, '2014-02-19 15:16:05.823', '2014-02-19 15:58:36.708', 'admin', 'admin');
INSERT INTO sgp_mapa_prueba (id_mapa_prueba, id_proyecto, nombre, ind_activo, fec_creacion, fec_edita, usuario_crea, usuario_edita) VALUES (31, 2, 'werwer', 1, '2014-02-20 18:08:44.157', NULL, 'admin', NULL);


--
-- TOC entry 2057 (class 0 OID 28211)
-- Dependencies: 164 2056 2065 2075
-- Data for Name: sgp_caso_prueba; Type: TABLE DATA; Schema: public; Owner: sgpdesa
--

INSERT INTO sgp_caso_prueba (id_caso_prueba, id_artefacto, id_mapa_prueba, descripcion, resultado, tipo_prueba, cumple, fec_creacion, fec_edita, usuario_crea, usuario_edita, usuario_ejecuta, fec_ejecuta) VALUES (252, 1, 30, 'Iniciar proceso de grabación, cuando el usuario no a cargado un archivo previamente.', 'Ambiente:
1. El usuario cuenta con el rol Grabación Automática de Ventas.
2. Existe un formulario para el cargue de incrementos.
3. El usuario se encuentra loqueado en el sistema.
Entrada:
1. El usuario da clic en Administración / Carga de Incrementos Automáticos.
2. El usuario da clic en Procesar.
Resultado:
1. El sistema muestra un mensaje Informado Debe de carga un archivo, para poder procesarlo. 
2. Verificar que el sistema no realice ninguna acción.', 12, 'NA', '2014-03-10 08:02:33.85', NULL, 'admin', NULL, 'admin', '2014-03-13 08:06:13.763');
INSERT INTO sgp_caso_prueba (id_caso_prueba, id_artefacto, id_mapa_prueba, descripcion, resultado, tipo_prueba, cumple, fec_creacion, fec_edita, usuario_crea, usuario_edita, usuario_ejecuta, fec_ejecuta) VALUES (217, 1, 30, 'Subir Archivo Plano cuando el usuario cuenta con el rol Grabación Automáticas de Ventas.', 'Ambiente:
1. El usuario cuenta con el rol Grabación Automática de Ventas.
2. Existe un formulario para el cargue de incrementos.
3. El usuario se encuentra loqueado en el sistema.
Entrada:
1. El usuario da clic en Administración/ Carga de Incrementos Automáticos.
2. El usuario da clic en Examinar. 
3. El usuario selecciona el archivo a cargar y da clic en Abrir.
4. El usuario da clic en Cargar.
Resultado:
1. Verificar que el archivo se cargue en el sistema.', 12, NULL, '2014-03-09 10:31:18.16', NULL, 'admin', NULL, NULL, NULL);
INSERT INTO sgp_caso_prueba (id_caso_prueba, id_artefacto, id_mapa_prueba, descripcion, resultado, tipo_prueba, cumple, fec_creacion, fec_edita, usuario_crea, usuario_edita, usuario_ejecuta, fec_ejecuta) VALUES (207, 1, 30, 'Subir Archivo Plano cuando el usuario cuenta con el rol Grabación Automáticas de Ventas.', 'Ambiente:
1. El usuario cuenta con el rol Grabación Automática de Ventas.
2. Existe un formulario para el cargue de incrementos.
3. El usuario se encuentra loqueado en el sistema.
Entrada:
1. El usuario da clic en Administración/ Carga de Incrementos Automáticos.
2. El usuario da clic en Examinar. 
3. El usuario selecciona el archivo a cargar y da clic en Abrir.
4. El usuario da clic en Cargar.
Resultado:
1. Verificar que el archivo se cargue en el sistema.', 12, NULL, '2014-03-09 10:22:12.649', NULL, 'admin', NULL, NULL, NULL);
INSERT INTO sgp_caso_prueba (id_caso_prueba, id_artefacto, id_mapa_prueba, descripcion, resultado, tipo_prueba, cumple, fec_creacion, fec_edita, usuario_crea, usuario_edita, usuario_ejecuta, fec_ejecuta) VALUES (218, 2, 30, 'Subir Archivo Plano, cuando el archivo tiene una extensión diferente a txt.', 'Ambiente:
1. El usuario cuenta con el rol Grabación Automática de Ventas.
2. Existe un formulario para el cargue de incrementos.
3. El usuario se encuentra loqueado en el sistema.
Entrada:
1. El usuario da clic en Administración/ Carga de Incrementos Automáticos.
2. El usuario da clic en Examinar. 
3. El usuario selecciona el archivo a cargar y da clic en Abrir.
4. El usuario da clic en Cargar.
Resultado:
1. El sistema muestra un mensaje informado que la extensión del archivo debe de ser txt.', 12, NULL, '2014-03-09 10:31:18.211', NULL, 'admin', NULL, NULL, NULL);
INSERT INTO sgp_caso_prueba (id_caso_prueba, id_artefacto, id_mapa_prueba, descripcion, resultado, tipo_prueba, cumple, fec_creacion, fec_edita, usuario_crea, usuario_edita, usuario_ejecuta, fec_ejecuta) VALUES (19, 1, 30, '	dsd								', '	dsadsa								', 12, NULL, '2014-02-24 11:21:17.47', '2014-02-26 09:06:35.077', 'anonymousUser', 'admin', 'admin', '2014-03-03 18:48:27.023');
INSERT INTO sgp_caso_prueba (id_caso_prueba, id_artefacto, id_mapa_prueba, descripcion, resultado, tipo_prueba, cumple, fec_creacion, fec_edita, usuario_crea, usuario_edita, usuario_ejecuta, fec_ejecuta) VALUES (20, 2, 30, '			papa						', '		papa							', 12, 'Si', '2014-02-24 11:41:46.795', '2014-02-26 09:05:52.646', 'anonymousUser', 'admin', 'admin', '2014-03-11 21:43:17.174');
INSERT INTO sgp_caso_prueba (id_caso_prueba, id_artefacto, id_mapa_prueba, descripcion, resultado, tipo_prueba, cumple, fec_creacion, fec_edita, usuario_crea, usuario_edita, usuario_ejecuta, fec_ejecuta) VALUES (23, 28, 4, '				sdssadd					', '					dfdsfsf				', 12, NULL, '2014-02-24 11:43:24.044', NULL, 'anonymousUser', NULL, NULL, NULL);
INSERT INTO sgp_caso_prueba (id_caso_prueba, id_artefacto, id_mapa_prueba, descripcion, resultado, tipo_prueba, cumple, fec_creacion, fec_edita, usuario_crea, usuario_edita, usuario_ejecuta, fec_ejecuta) VALUES (25, 1, 30, 'sdsad', 'dasdas', 12, NULL, '2014-02-24 14:35:42.412', NULL, 'anonymousUser', NULL, NULL, NULL);
INSERT INTO sgp_caso_prueba (id_caso_prueba, id_artefacto, id_mapa_prueba, descripcion, resultado, tipo_prueba, cumple, fec_creacion, fec_edita, usuario_crea, usuario_edita, usuario_ejecuta, fec_ejecuta) VALUES (208, 2, 30, 'Subir Archivo Plano, cuando el archivo tiene una extensión diferente a txt.', 'Ambiente:
1. El usuario cuenta con el rol Grabación Automática de Ventas.
2. Existe un formulario para el cargue de incrementos.
3. El usuario se encuentra loqueado en el sistema.
Entrada:
1. El usuario da clic en Administración/ Carga de Incrementos Automáticos.
2. El usuario da clic en Examinar. 
3. El usuario selecciona el archivo a cargar y da clic en Abrir.
4. El usuario da clic en Cargar.
Resultado:
1. El sistema muestra un mensaje informado que la extensión del archivo debe de ser txt.', 12, NULL, '2014-03-09 10:22:12.706', NULL, 'admin', NULL, NULL, NULL);
INSERT INTO sgp_caso_prueba (id_caso_prueba, id_artefacto, id_mapa_prueba, descripcion, resultado, tipo_prueba, cumple, fec_creacion, fec_edita, usuario_crea, usuario_edita, usuario_ejecuta, fec_ejecuta) VALUES (345, 1, 10, 'Subir Archivo Plano cuando el usuario cuenta con el rol Grabación Automáticas de Ventas.', 'Ambiente:
1. El usuario cuenta con el rol Grabación Automática de Ventas.
2. Existe un formulario para el cargue de incrementos.
3. El usuario se encuentra loqueado en el sistema.
Entrada:
1. El usuario da clic en Administración/ Carga de Incrementos Automáticos.
2. El usuario da clic en Examinar. 
3. El usuario selecciona el archivo a cargar y da clic en Abrir.
4. El usuario da clic en Cargar.
Resultado:
1. Verificar que el archivo se cargue en el sistema.', 1, NULL, '2014-03-13 08:45:05.279', NULL, 'anonymousUser', NULL, NULL, NULL);
INSERT INTO sgp_caso_prueba (id_caso_prueba, id_artefacto, id_mapa_prueba, descripcion, resultado, tipo_prueba, cumple, fec_creacion, fec_edita, usuario_crea, usuario_edita, usuario_ejecuta, fec_ejecuta) VALUES (26, 29, 9, '		ddffg							', '	dsfsdf								', 12, NULL, '2014-02-25 16:54:25.79', NULL, 'anonymousUser', NULL, NULL, NULL);
INSERT INTO sgp_caso_prueba (id_caso_prueba, id_artefacto, id_mapa_prueba, descripcion, resultado, tipo_prueba, cumple, fec_creacion, fec_edita, usuario_crea, usuario_edita, usuario_ejecuta, fec_ejecuta) VALUES (346, 1, 10, 'Subir Archivo Plano, cuando el archivo tiene una extensión diferente a txt.', 'Ambiente:
1. El usuario cuenta con el rol Grabación Automática de Ventas.
2. Existe un formulario para el cargue de incrementos.
3. El usuario se encuentra loqueado en el sistema.
Entrada:
1. El usuario da clic en Administración/ Carga de Incrementos Automáticos.
2. El usuario da clic en Examinar. 
3. El usuario selecciona el archivo a cargar y da clic en Abrir.
4. El usuario da clic en Cargar.
Resultado:
1. El sistema muestra un mensaje informado que la extensión del archivo debe de ser txt.', 1, NULL, '2014-03-13 08:45:05.422', NULL, 'anonymousUser', NULL, NULL, NULL);
INSERT INTO sgp_caso_prueba (id_caso_prueba, id_artefacto, id_mapa_prueba, descripcion, resultado, tipo_prueba, cumple, fec_creacion, fec_edita, usuario_crea, usuario_edita, usuario_ejecuta, fec_ejecuta) VALUES (347, 1, 10, 'Subir Archivo Plano, cuando este se encuentra en blanco.', 'Ambiente:
1. El usuario cuenta con el rol Grabación Automática de Ventas.
2. Existe un formulario para el cargue de incrementos.
3. El usuario se encuentra loqueado en el sistema.
Entrada:
1. El usuario da clic en Administración/ Carga de Incrementos Automáticos.
2. El usuario da clic en Examinar. 
3. El usuario selecciona el archivo a cargar y da clic en Abrir.
4. El usuario da clic en Cargar.
Resultado:
1. El sistema muestra un mensaje informado que el archivo se encuentra vacío.', 1, NULL, '2014-03-13 08:45:05.457', NULL, 'anonymousUser', NULL, NULL, NULL);
INSERT INTO sgp_caso_prueba (id_caso_prueba, id_artefacto, id_mapa_prueba, descripcion, resultado, tipo_prueba, cumple, fec_creacion, fec_edita, usuario_crea, usuario_edita, usuario_ejecuta, fec_ejecuta) VALUES (348, 1, 10, 'Iniciar proceso de grabación, cuando el usuario cuenta con el perfil Grabación Automáticas de Ventas. ', 'Ambiente:
1. El usuario cuenta con el rol Grabación Automática de Ventas.
2. Existe un formulario para el cargue de incrementos.
3. El usuario se encuentra loqueado en el sistema.
Entrada:
1. El usuario da clic en Administración/ Carga de Incrementos Automáticos.
2. El usuario da clic en Examinar. 
3. El usuario selecciona el archivo a cargar y da clic en Abrir.
4. El usuario da clic en Cargar.
5. El usuario da clic en Procesar.
Resultado:
1. Verificar que el sistema muestre un mensaje informado El proceso se realizo correctamente.
2. Verificar que el sistema muestre un log con los errores encontrados.
3. Verificar que este log de errores se pueda exporta y guardar a Excel.
4. Verificar que el sistema muestre un reporte con los casos guardados de forma efectiva adicionándole el número de solicitud con el cual fue grabado y el estado de dicha solicitud.
5. Verificar que este reporte se pueda exportar y guardar a Excel', 1, NULL, '2014-03-13 08:45:05.471', NULL, 'anonymousUser', NULL, NULL, NULL);
INSERT INTO sgp_caso_prueba (id_caso_prueba, id_artefacto, id_mapa_prueba, descripcion, resultado, tipo_prueba, cumple, fec_creacion, fec_edita, usuario_crea, usuario_edita, usuario_ejecuta, fec_ejecuta) VALUES (349, 1, 10, 'Iniciar proceso de grabación, cuando el usuario no a cargado un archivo previamente.', 'Ambiente:
1. El usuario cuenta con el rol Grabación Automática de Ventas.
2. Existe un formulario para el cargue de incrementos.
3. El usuario se encuentra loqueado en el sistema.
Entrada:
1. El usuario da clic en Administración / Carga de Incrementos Automáticos.
2. El usuario da clic en Procesar.
Resultado:
1. El sistema muestra un mensaje Informado Debe de carga un archivo, para poder procesarlo. 
2. Verificar que el sistema no realice ninguna acción.', 1, NULL, '2014-03-13 08:45:05.487', NULL, 'anonymousUser', NULL, NULL, NULL);
INSERT INTO sgp_caso_prueba (id_caso_prueba, id_artefacto, id_mapa_prueba, descripcion, resultado, tipo_prueba, cumple, fec_creacion, fec_edita, usuario_crea, usuario_edita, usuario_ejecuta, fec_ejecuta) VALUES (350, 1, 10, 'Iniciar proceso de grabación, cuando el usuario selecciona un archivo en blanco.', 'Ambiente:
1. Igual a la prueba número 1.
Entrada:
1. El usuario da clic en Administración/ Carga de Incrementos Automáticos.
2. El usuario da clic en Examinar. 
3. El usuario selecciona el archivo a cargar y da clic en Abrir.
4. El usuario da clic en Cargar.
5. El usuario da clic en Procesar.
Resultado:
1. El sistema muestra un mensaje Informado Debe el archivo plano se encuentra vacío. 
2. Verificar que el sistema no realice ninguna acción.', 1, NULL, '2014-03-13 08:45:05.504', NULL, 'anonymousUser', NULL, NULL, NULL);
INSERT INTO sgp_caso_prueba (id_caso_prueba, id_artefacto, id_mapa_prueba, descripcion, resultado, tipo_prueba, cumple, fec_creacion, fec_edita, usuario_crea, usuario_edita, usuario_ejecuta, fec_ejecuta) VALUES (351, 1, 10, 'Iniciar proceso de grabación, cuando el usuario selecciona un archivo con un formato diferente a txt.', 'Ambiente:
1. El usuario cuenta con el rol Grabación Automática de Ventas.
2. Existe un formulario para el cargue de incrementos.
3. El usuario se encuentra loqueado en el sistema.
Entrada:
1. El usuario da clic en Administración/ Carga de Incrementos Automáticos.
2. El usuario da clic en Examinar. 
3. El usuario selecciona el archivo a cargar y da clic en Abrir.
4. El usuario da clic en Cargar.
5. El usuario da clic en Procesar.
Resultado:
1. El sistema muestra un mensaje Informado El archivo debe de tener una extensión .txt. 
2. Verificar que el sistema no realice ninguna acción. ', 1, NULL, '2014-03-13 08:45:05.529', NULL, 'anonymousUser', NULL, NULL, NULL);
INSERT INTO sgp_caso_prueba (id_caso_prueba, id_artefacto, id_mapa_prueba, descripcion, resultado, tipo_prueba, cumple, fec_creacion, fec_edita, usuario_crea, usuario_edita, usuario_ejecuta, fec_ejecuta) VALUES (352, 1, 10, 'Iniciar proceso de grabación, cuando el usuario no cuenta con el rol Grabación Automáticas de Ventas. ', 'Ambiente:
1. El usuario cuenta con un rol diferente a Grabación Automáticas de Venta.
2. Existe un formulario para el cargue de incrementos.
3. El usuario se encuentra loqueado en el sistema.
Entrada:
1. El usuario da clic en Administración / Carga de Incrementos Automáticos.
Resultado:
1. El sistema muestra un mensaje Informado El usuario no tiene privilegios suficientes para ingresar al formulario.', 1, NULL, '2014-03-13 08:45:05.587', NULL, 'anonymousUser', NULL, NULL, NULL);
INSERT INTO sgp_caso_prueba (id_caso_prueba, id_artefacto, id_mapa_prueba, descripcion, resultado, tipo_prueba, cumple, fec_creacion, fec_edita, usuario_crea, usuario_edita, usuario_ejecuta, fec_ejecuta) VALUES (353, 1, 10, 'Iniciar proceso de grabación, cuando el usuario selecciona un archivo en blanco.', 'Ambiente:
1. El usuario cuenta con el rol Grabación Automática de Ventas.
2. Existe un formulario para el cargue de incrementos.
3. El usuario se encuentra loqueado en el sistema.
Entrada:
1. El usuario da clic en Administración/ Carga de Incrementos Automáticos.
2. El usuario da clic en Examinar. 
3. El usuario selecciona el archivo a cargar y da clic en Abrir.
4. El usuario da clic en Cargar.
5. El usuario da clic en Procesar.
Resultado:
1. El sistema muestra un mensaje Informado Debe el archivo plano se encuentra vacío. 
2. Verificar que el sistema no realice ninguna acción.', 1, NULL, '2014-03-13 08:45:05.656', NULL, 'anonymousUser', NULL, NULL, NULL);
INSERT INTO sgp_caso_prueba (id_caso_prueba, id_artefacto, id_mapa_prueba, descripcion, resultado, tipo_prueba, cumple, fec_creacion, fec_edita, usuario_crea, usuario_edita, usuario_ejecuta, fec_ejecuta) VALUES (27, 2, 30, '			papa						', '		papa							', 12, 'No', '2014-02-26 09:02:49.534', NULL, 'admin', NULL, 'admin', '2014-03-09 13:03:52.373');
INSERT INTO sgp_caso_prueba (id_caso_prueba, id_artefacto, id_mapa_prueba, descripcion, resultado, tipo_prueba, cumple, fec_creacion, fec_edita, usuario_crea, usuario_edita, usuario_ejecuta, fec_ejecuta) VALUES (29, 2, 30, 'caro								', '	caro								', 12, NULL, '2014-02-26 09:50:32.971', NULL, 'admin', NULL, NULL, NULL);
INSERT INTO sgp_caso_prueba (id_caso_prueba, id_artefacto, id_mapa_prueba, descripcion, resultado, tipo_prueba, cumple, fec_creacion, fec_edita, usuario_crea, usuario_edita, usuario_ejecuta, fec_ejecuta) VALUES (30, 1, 30, 'ddd									', 'ddd									', 12, NULL, '2014-02-26 09:53:21.549', NULL, 'admin', NULL, NULL, NULL);
INSERT INTO sgp_caso_prueba (id_caso_prueba, id_artefacto, id_mapa_prueba, descripcion, resultado, tipo_prueba, cumple, fec_creacion, fec_edita, usuario_crea, usuario_edita, usuario_ejecuta, fec_ejecuta) VALUES (33, 1, 1, 'DSDSD									', 'DSDSA									', 12, NULL, '2014-02-26 10:04:16.492', NULL, 'admin', NULL, NULL, NULL);
INSERT INTO sgp_caso_prueba (id_caso_prueba, id_artefacto, id_mapa_prueba, descripcion, resultado, tipo_prueba, cumple, fec_creacion, fec_edita, usuario_crea, usuario_edita, usuario_ejecuta, fec_ejecuta) VALUES (34, 1, 1, 'DDS									', 'DSDS									', 12, NULL, '2014-02-26 10:05:35.962', NULL, 'admin', NULL, NULL, NULL);
INSERT INTO sgp_caso_prueba (id_caso_prueba, id_artefacto, id_mapa_prueba, descripcion, resultado, tipo_prueba, cumple, fec_creacion, fec_edita, usuario_crea, usuario_edita, usuario_ejecuta, fec_ejecuta) VALUES (41, 3, 5, '	sdssdd								', '							dsdsdd', 12, NULL, '2014-02-26 11:23:21.203', '2014-02-26 15:00:03.113', 'anonymousUser', 'admin', NULL, '2014-02-27 17:44:31.039');
INSERT INTO sgp_caso_prueba (id_caso_prueba, id_artefacto, id_mapa_prueba, descripcion, resultado, tipo_prueba, cumple, fec_creacion, fec_edita, usuario_crea, usuario_edita, usuario_ejecuta, fec_ejecuta) VALUES (343, 1, 30, 'kk', 'kjkjj', 12, NULL, '2014-03-12 09:16:09.891', NULL, 'admin', NULL, NULL, NULL);
INSERT INTO sgp_caso_prueba (id_caso_prueba, id_artefacto, id_mapa_prueba, descripcion, resultado, tipo_prueba, cumple, fec_creacion, fec_edita, usuario_crea, usuario_edita, usuario_ejecuta, fec_ejecuta) VALUES (11, 1, 30, 'hola', 'hola', 12, NULL, '2014-02-20 11:43:18.19', '2014-02-24 11:23:43.219', 'admin', NULL, NULL, '2014-02-27 17:34:01.284');
INSERT INTO sgp_caso_prueba (id_caso_prueba, id_artefacto, id_mapa_prueba, descripcion, resultado, tipo_prueba, cumple, fec_creacion, fec_edita, usuario_crea, usuario_edita, usuario_ejecuta, fec_ejecuta) VALUES (13, 1, 2, 'fgdgdfgd', 'gdfgdfgdfhjgj', 12, NULL, '2014-02-20 11:48:29.569', '2014-02-26 11:27:21.635', 'admin', 'anonymousUser', NULL, NULL);
INSERT INTO sgp_caso_prueba (id_caso_prueba, id_artefacto, id_mapa_prueba, descripcion, resultado, tipo_prueba, cumple, fec_creacion, fec_edita, usuario_crea, usuario_edita, usuario_ejecuta, fec_ejecuta) VALUES (16, 1, 1, 'realizando pruebas datos validos', 'todo funciono bien', 12, NULL, '2014-02-20 17:37:05.058', '2014-02-26 08:39:00.798', 'anonymousUser', 'admin', NULL, NULL);
INSERT INTO sgp_caso_prueba (id_caso_prueba, id_artefacto, id_mapa_prueba, descripcion, resultado, tipo_prueba, cumple, fec_creacion, fec_edita, usuario_crea, usuario_edita, usuario_ejecuta, fec_ejecuta) VALUES (17, 1, 1, 'realizando pruebas datos validos', 'todo funciono bien', 12, NULL, '2014-02-20 17:56:53.867', NULL, 'anonymousUser', NULL, NULL, NULL);
INSERT INTO sgp_caso_prueba (id_caso_prueba, id_artefacto, id_mapa_prueba, descripcion, resultado, tipo_prueba, cumple, fec_creacion, fec_edita, usuario_crea, usuario_edita, usuario_ejecuta, fec_ejecuta) VALUES (42, 3, 5, '							hjghjghjg		', 'hjghjghjgj							', 12, 'No', '2014-02-26 11:28:16.834', NULL, 'anonymousUser', NULL, NULL, '2014-02-27 17:34:42.086');
INSERT INTO sgp_caso_prueba (id_caso_prueba, id_artefacto, id_mapa_prueba, descripcion, resultado, tipo_prueba, cumple, fec_creacion, fec_edita, usuario_crea, usuario_edita, usuario_ejecuta, fec_ejecuta) VALUES (43, 3, 5, '									dsfds', '							dfdfdfdf', 12, 'No', '2014-02-26 11:29:24.093', NULL, 'anonymousUser', NULL, 'admin', '2014-02-27 17:48:03.948');
INSERT INTO sgp_caso_prueba (id_caso_prueba, id_artefacto, id_mapa_prueba, descripcion, resultado, tipo_prueba, cumple, fec_creacion, fec_edita, usuario_crea, usuario_edita, usuario_ejecuta, fec_ejecuta) VALUES (45, 2, 30, '						dadasd			', '						sdasdsdas	', 12, NULL, '2014-02-26 14:42:58.362', NULL, 'admin', NULL, NULL, NULL);
INSERT INTO sgp_caso_prueba (id_caso_prueba, id_artefacto, id_mapa_prueba, descripcion, resultado, tipo_prueba, cumple, fec_creacion, fec_edita, usuario_crea, usuario_edita, usuario_ejecuta, fec_ejecuta) VALUES (46, 2, 30, '									dsadsa', '		ddsadsadsads					', 12, NULL, '2014-02-26 15:12:35.08', NULL, 'admin', NULL, NULL, NULL);
INSERT INTO sgp_caso_prueba (id_caso_prueba, id_artefacto, id_mapa_prueba, descripcion, resultado, tipo_prueba, cumple, fec_creacion, fec_edita, usuario_crea, usuario_edita, usuario_ejecuta, fec_ejecuta) VALUES (47, 2, 30, '								fdfdsf	', '	fsdfdsfsdf						', 12, NULL, '2014-02-26 15:13:35.926', NULL, 'admin', NULL, NULL, NULL);
INSERT INTO sgp_caso_prueba (id_caso_prueba, id_artefacto, id_mapa_prueba, descripcion, resultado, tipo_prueba, cumple, fec_creacion, fec_edita, usuario_crea, usuario_edita, usuario_ejecuta, fec_ejecuta) VALUES (48, 2, 30, '								dsadsad	', '				dsadasdsa			', 12, NULL, '2014-02-26 15:26:29.902', NULL, 'admin', NULL, NULL, NULL);
INSERT INTO sgp_caso_prueba (id_caso_prueba, id_artefacto, id_mapa_prueba, descripcion, resultado, tipo_prueba, cumple, fec_creacion, fec_edita, usuario_crea, usuario_edita, usuario_ejecuta, fec_ejecuta) VALUES (51, 28, 5, 'Prueba para solucionar NC y guardo y edito ', 'Que guarde', 12, NULL, '2014-02-27 16:34:09.336', '2014-02-27 17:04:46.995', 'anonymousUser', 'anonymousUser', NULL, NULL);
INSERT INTO sgp_caso_prueba (id_caso_prueba, id_artefacto, id_mapa_prueba, descripcion, resultado, tipo_prueba, cumple, fec_creacion, fec_edita, usuario_crea, usuario_edita, usuario_ejecuta, fec_ejecuta) VALUES (219, 1, 30, 'Subir Archivo Plano, cuando este se encuentra en blanco.', 'Ambiente:
1. El usuario cuenta con el rol Grabación Automática de Ventas.
2. Existe un formulario para el cargue de incrementos.
3. El usuario se encuentra loqueado en el sistema.
Entrada:
1. El usuario da clic en Administración/ Carga de Incrementos Automáticos.
2. El usuario da clic en Examinar. 
3. El usuario selecciona el archivo a cargar y da clic en Abrir.
4. El usuario da clic en Cargar.
Resultado:
1. El sistema muestra un mensaje informado que el archivo se encuentra vacío.', 12, NULL, '2014-03-09 10:31:18.29', NULL, 'admin', NULL, NULL, NULL);
INSERT INTO sgp_caso_prueba (id_caso_prueba, id_artefacto, id_mapa_prueba, descripcion, resultado, tipo_prueba, cumple, fec_creacion, fec_edita, usuario_crea, usuario_edita, usuario_ejecuta, fec_ejecuta) VALUES (220, 2, 30, 'Iniciar proceso de grabación, cuando el usuario cuenta con el perfil Grabación Automáticas de Ventas. ', 'Ambiente:
1. El usuario cuenta con el rol Grabación Automática de Ventas.
2. Existe un formulario para el cargue de incrementos.
3. El usuario se encuentra loqueado en el sistema.
Entrada:
1. El usuario da clic en Administración/ Carga de Incrementos Automáticos.
2. El usuario da clic en Examinar. 
3. El usuario selecciona el archivo a cargar y da clic en Abrir.
4. El usuario da clic en Cargar.
5. El usuario da clic en Procesar.
Resultado:
1. Verificar que el sistema muestre un mensaje informado El proceso se realizo correctamente.
2. Verificar que el sistema muestre un log con los errores encontrados.
3. Verificar que este log de errores se pueda exporta y guardar a Excel.
4. Verificar que el sistema muestre un reporte con los casos guardados de forma efectiva adicionándole el número de solicitud con el cual fue grabado y el estado de dicha solicitud.
5. Verificar que este reporte se pueda exportar y guardar a Excel', 12, NULL, '2014-03-09 10:31:18.338', NULL, 'admin', NULL, NULL, NULL);
INSERT INTO sgp_caso_prueba (id_caso_prueba, id_artefacto, id_mapa_prueba, descripcion, resultado, tipo_prueba, cumple, fec_creacion, fec_edita, usuario_crea, usuario_edita, usuario_ejecuta, fec_ejecuta) VALUES (221, 1, 30, 'Iniciar proceso de grabación, cuando el usuario no a cargado un archivo previamente.', 'Ambiente:
1. El usuario cuenta con el rol Grabación Automática de Ventas.
2. Existe un formulario para el cargue de incrementos.
3. El usuario se encuentra loqueado en el sistema.
Entrada:
1. El usuario da clic en Administración / Carga de Incrementos Automáticos.
2. El usuario da clic en Procesar.
Resultado:
1. El sistema muestra un mensaje Informado Debe de carga un archivo, para poder procesarlo. 
2. Verificar que el sistema no realice ninguna acción.', 12, NULL, '2014-03-09 10:31:18.38', NULL, 'admin', NULL, NULL, NULL);
INSERT INTO sgp_caso_prueba (id_caso_prueba, id_artefacto, id_mapa_prueba, descripcion, resultado, tipo_prueba, cumple, fec_creacion, fec_edita, usuario_crea, usuario_edita, usuario_ejecuta, fec_ejecuta) VALUES (222, 2, 30, 'Iniciar proceso de grabación, cuando el usuario selecciona un archivo en blanco.', 'Ambiente:
1. Igual a la prueba número 1.
Entrada:
1. El usuario da clic en Administración/ Carga de Incrementos Automáticos.
2. El usuario da clic en Examinar. 
3. El usuario selecciona el archivo a cargar y da clic en Abrir.
4. El usuario da clic en Cargar.
5. El usuario da clic en Procesar.
Resultado:
1. El sistema muestra un mensaje Informado Debe el archivo plano se encuentra vacío. 
2. Verificar que el sistema no realice ninguna acción.', 12, NULL, '2014-03-09 10:31:18.43', NULL, 'admin', NULL, NULL, NULL);
INSERT INTO sgp_caso_prueba (id_caso_prueba, id_artefacto, id_mapa_prueba, descripcion, resultado, tipo_prueba, cumple, fec_creacion, fec_edita, usuario_crea, usuario_edita, usuario_ejecuta, fec_ejecuta) VALUES (223, 1, 30, 'Iniciar proceso de grabación, cuando el usuario selecciona un archivo con un formato diferente a txt.', 'Ambiente:
1. El usuario cuenta con el rol Grabación Automática de Ventas.
2. Existe un formulario para el cargue de incrementos.
3. El usuario se encuentra loqueado en el sistema.
Entrada:
1. El usuario da clic en Administración/ Carga de Incrementos Automáticos.
2. El usuario da clic en Examinar. 
3. El usuario selecciona el archivo a cargar y da clic en Abrir.
4. El usuario da clic en Cargar.
5. El usuario da clic en Procesar.
Resultado:
1. El sistema muestra un mensaje Informado El archivo debe de tener una extensión .txt. 
2. Verificar que el sistema no realice ninguna acción. ', 12, NULL, '2014-03-09 10:31:18.47', NULL, 'admin', NULL, NULL, NULL);
INSERT INTO sgp_caso_prueba (id_caso_prueba, id_artefacto, id_mapa_prueba, descripcion, resultado, tipo_prueba, cumple, fec_creacion, fec_edita, usuario_crea, usuario_edita, usuario_ejecuta, fec_ejecuta) VALUES (224, 2, 30, 'Iniciar proceso de grabación, cuando el usuario no cuenta con el rol Grabación Automáticas de Ventas. ', 'Ambiente:
1. El usuario cuenta con un rol diferente a Grabación Automáticas de Venta.
2. Existe un formulario para el cargue de incrementos.
3. El usuario se encuentra loqueado en el sistema.
Entrada:
1. El usuario da clic en Administración / Carga de Incrementos Automáticos.
Resultado:
1. El sistema muestra un mensaje Informado El usuario no tiene privilegios suficientes para ingresar al formulario.', 12, NULL, '2014-03-09 10:31:18.54', NULL, 'admin', NULL, NULL, NULL);
INSERT INTO sgp_caso_prueba (id_caso_prueba, id_artefacto, id_mapa_prueba, descripcion, resultado, tipo_prueba, cumple, fec_creacion, fec_edita, usuario_crea, usuario_edita, usuario_ejecuta, fec_ejecuta) VALUES (225, 28, 4, 'Iniciar proceso de grabación, cuando el usuario selecciona un archivo en blanco.', 'Ambiente:
1. El usuario cuenta con el rol Grabación Automática de Ventas.
2. Existe un formulario para el cargue de incrementos.
3. El usuario se encuentra loqueado en el sistema.
Entrada:
1. El usuario da clic en Administración/ Carga de Incrementos Automáticos.
2. El usuario da clic en Examinar. 
3. El usuario selecciona el archivo a cargar y da clic en Abrir.
4. El usuario da clic en Cargar.
5. El usuario da clic en Procesar.
Resultado:
1. El sistema muestra un mensaje Informado Debe el archivo plano se encuentra vacío. 
2. Verificar que el sistema no realice ninguna acción.', 12, NULL, '2014-03-09 10:31:18.6', NULL, 'admin', NULL, NULL, NULL);
INSERT INTO sgp_caso_prueba (id_caso_prueba, id_artefacto, id_mapa_prueba, descripcion, resultado, tipo_prueba, cumple, fec_creacion, fec_edita, usuario_crea, usuario_edita, usuario_ejecuta, fec_ejecuta) VALUES (226, 28, 4, 'Iniciar proceso de grabación, cuando el usuario selecciona un archivo con un formato diferente a txt.', 'Ambiente:
1. El usuario cuenta con el rol Grabación Automática de Ventas.
2. Existe un formulario para el cargue de incrementos.
3. El usuario se encuentra loqueado en el sistema.
Entrada:
1. El usuario da clic en Administración/ Carga de Incrementos Automáticos.
2. El usuario da clic en Examinar. 
3. El usuario selecciona el archivo a cargar y da clic en Abrir.
4. El usuario da clic en Cargar.
5. El usuario da clic en Procesar.
Resultado:
1. El sistema muestra un mensaje Informado El archivo debe de tener una extensión .txt. 
2. Verificar que el sistema no realice ninguna acción. ', 12, NULL, '2014-03-09 10:31:18.66', NULL, 'admin', NULL, NULL, NULL);
INSERT INTO sgp_caso_prueba (id_caso_prueba, id_artefacto, id_mapa_prueba, descripcion, resultado, tipo_prueba, cumple, fec_creacion, fec_edita, usuario_crea, usuario_edita, usuario_ejecuta, fec_ejecuta) VALUES (344, 1, 30, 'sdf', 'sdfadsg', 12, NULL, '2014-03-12 09:53:23.762', NULL, 'admin', NULL, NULL, NULL);
INSERT INTO sgp_caso_prueba (id_caso_prueba, id_artefacto, id_mapa_prueba, descripcion, resultado, tipo_prueba, cumple, fec_creacion, fec_edita, usuario_crea, usuario_edita, usuario_ejecuta, fec_ejecuta) VALUES (6, 2, 30, 'vvvvvvvvvvvvdasdsadsadsa', 'vvvvvdddasdasdasdas', 12, 'No', '2014-02-19 16:51:11.489', '2014-03-13 22:07:50.366', 'admin', 'admin', 'admin', '2014-03-10 17:04:40.164');
INSERT INTO sgp_caso_prueba (id_caso_prueba, id_artefacto, id_mapa_prueba, descripcion, resultado, tipo_prueba, cumple, fec_creacion, fec_edita, usuario_crea, usuario_edita, usuario_ejecuta, fec_ejecuta) VALUES (5, 2, 30, 'dasdafqqwww', 'pqsssqqqqqqq', 12, 'No', '2014-02-19 16:49:32.738', '2014-02-26 15:12:47.05', 'admin', 'admin', 'admin', '2014-03-31 17:35:37.835');
INSERT INTO sgp_caso_prueba (id_caso_prueba, id_artefacto, id_mapa_prueba, descripcion, resultado, tipo_prueba, cumple, fec_creacion, fec_edita, usuario_crea, usuario_edita, usuario_ejecuta, fec_ejecuta) VALUES (326, 1, 30, 'Subir Archivo Plano cuando el usuario cuenta con el rol Grabación Automáticas de Ventas.', 'Ambiente:
1. El usuario cuenta con el rol Grabación Automática de Ventas.
2. Existe un formulario para el cargue de incrementos.
3. El usuario se encuentra loqueado en el sistema.
Entrada:
1. El usuario da clic en Administración/ Carga de Incrementos Automáticos.
2. El usuario da clic en Examinar. 
3. El usuario selecciona el archivo a cargar y da clic en Abrir.
4. El usuario da clic en Cargar.
Resultado:
1. Verificar que el archivo se cargue en el sistema.', 12, NULL, '2014-03-10 18:30:27.568', NULL, 'admin', NULL, NULL, NULL);
INSERT INTO sgp_caso_prueba (id_caso_prueba, id_artefacto, id_mapa_prueba, descripcion, resultado, tipo_prueba, cumple, fec_creacion, fec_edita, usuario_crea, usuario_edita, usuario_ejecuta, fec_ejecuta) VALUES (227, 1, 30, 'Subir Archivo Plano cuando el usuario cuenta con el rol Grabación Automáticas de Ventas.', 'Ambiente:
1. El usuario cuenta con el rol Grabación Automática de Ventas.
2. Existe un formulario para el cargue de incrementos.
3. El usuario se encuentra loqueado en el sistema.
Entrada:
1. El usuario da clic en Administración/ Carga de Incrementos Automáticos.
2. El usuario da clic en Examinar. 
3. El usuario selecciona el archivo a cargar y da clic en Abrir.
4. El usuario da clic en Cargar.
Resultado:
1. Verificar que el archivo se cargue en el sistema.', 12, NULL, '2014-03-09 10:42:31.916', NULL, 'admin', NULL, NULL, NULL);
INSERT INTO sgp_caso_prueba (id_caso_prueba, id_artefacto, id_mapa_prueba, descripcion, resultado, tipo_prueba, cumple, fec_creacion, fec_edita, usuario_crea, usuario_edita, usuario_ejecuta, fec_ejecuta) VALUES (233, 1, 30, 'Iniciar proceso de grabación, cuando el usuario selecciona un archivo con un formato diferente a txt.', 'Ambiente:
1. El usuario cuenta con el rol Grabación Automática de Ventas.
2. Existe un formulario para el cargue de incrementos.
3. El usuario se encuentra loqueado en el sistema.
Entrada:
1. El usuario da clic en Administración/ Carga de Incrementos Automáticos.
2. El usuario da clic en Examinar. 
3. El usuario selecciona el archivo a cargar y da clic en Abrir.
4. El usuario da clic en Cargar.
5. El usuario da clic en Procesar.
Resultado:
1. El sistema muestra un mensaje Informado El archivo debe de tener una extensión .txt. 
2. Verificar que el sistema no realice ninguna acción. ', 12, NULL, '2014-03-09 10:42:32.237', NULL, 'admin', NULL, NULL, NULL);
INSERT INTO sgp_caso_prueba (id_caso_prueba, id_artefacto, id_mapa_prueba, descripcion, resultado, tipo_prueba, cumple, fec_creacion, fec_edita, usuario_crea, usuario_edita, usuario_ejecuta, fec_ejecuta) VALUES (234, 2, 30, 'Iniciar proceso de grabación, cuando el usuario no cuenta con el rol Grabación Automáticas de Ventas. ', 'Ambiente:
1. El usuario cuenta con un rol diferente a Grabación Automáticas de Venta.
2. Existe un formulario para el cargue de incrementos.
3. El usuario se encuentra loqueado en el sistema.
Entrada:
1. El usuario da clic en Administración / Carga de Incrementos Automáticos.
Resultado:
1. El sistema muestra un mensaje Informado El usuario no tiene privilegios suficientes para ingresar al formulario.', 12, NULL, '2014-03-09 10:42:32.286', NULL, 'admin', NULL, NULL, NULL);
INSERT INTO sgp_caso_prueba (id_caso_prueba, id_artefacto, id_mapa_prueba, descripcion, resultado, tipo_prueba, cumple, fec_creacion, fec_edita, usuario_crea, usuario_edita, usuario_ejecuta, fec_ejecuta) VALUES (235, 28, 4, 'Iniciar proceso de grabación, cuando el usuario selecciona un archivo en blanco.', 'Ambiente:
1. El usuario cuenta con el rol Grabación Automática de Ventas.
2. Existe un formulario para el cargue de incrementos.
3. El usuario se encuentra loqueado en el sistema.
Entrada:
1. El usuario da clic en Administración/ Carga de Incrementos Automáticos.
2. El usuario da clic en Examinar. 
3. El usuario selecciona el archivo a cargar y da clic en Abrir.
4. El usuario da clic en Cargar.
5. El usuario da clic en Procesar.
Resultado:
1. El sistema muestra un mensaje Informado Debe el archivo plano se encuentra vacío. 
2. Verificar que el sistema no realice ninguna acción.', 12, NULL, '2014-03-09 10:42:32.346', NULL, 'admin', NULL, NULL, NULL);
INSERT INTO sgp_caso_prueba (id_caso_prueba, id_artefacto, id_mapa_prueba, descripcion, resultado, tipo_prueba, cumple, fec_creacion, fec_edita, usuario_crea, usuario_edita, usuario_ejecuta, fec_ejecuta) VALUES (330, 1, 30, 'Iniciar proceso de grabación, cuando el usuario no a cargado un archivo previamente.', 'Ambiente:
1. El usuario cuenta con el rol Grabación Automática de Ventas.
2. Existe un formulario para el cargue de incrementos.
3. El usuario se encuentra loqueado en el sistema.
Entrada:
1. El usuario da clic en Administración / Carga de Incrementos Automáticos.
2. El usuario da clic en Procesar.
Resultado:
1. El sistema muestra un mensaje Informado Debe de carga un archivo, para poder procesarlo. 
2. Verificar que el sistema no realice ninguna acción.', 12, NULL, '2014-03-10 18:30:27.718', NULL, 'admin', NULL, NULL, NULL);
INSERT INTO sgp_caso_prueba (id_caso_prueba, id_artefacto, id_mapa_prueba, descripcion, resultado, tipo_prueba, cumple, fec_creacion, fec_edita, usuario_crea, usuario_edita, usuario_ejecuta, fec_ejecuta) VALUES (331, 2, 30, 'Iniciar proceso de grabación, cuando el usuario selecciona un archivo en blanco.', 'Ambiente:
1. Igual a la prueba número 1.
Entrada:
1. El usuario da clic en Administración/ Carga de Incrementos Automáticos.
2. El usuario da clic en Examinar. 
3. El usuario selecciona el archivo a cargar y da clic en Abrir.
4. El usuario da clic en Cargar.
5. El usuario da clic en Procesar.
Resultado:
1. El sistema muestra un mensaje Informado Debe el archivo plano se encuentra vacío. 
2. Verificar que el sistema no realice ninguna acción.', 12, NULL, '2014-03-10 18:30:27.735', NULL, 'admin', NULL, NULL, NULL);
INSERT INTO sgp_caso_prueba (id_caso_prueba, id_artefacto, id_mapa_prueba, descripcion, resultado, tipo_prueba, cumple, fec_creacion, fec_edita, usuario_crea, usuario_edita, usuario_ejecuta, fec_ejecuta) VALUES (237, 1, 30, 'Subir Archivo Plano cuando el usuario cuenta con el rol Grabación Automáticas de Ventas.', 'Ambiente:
1. El usuario cuenta con el rol Grabación Automática de Ventas.
2. Existe un formulario para el cargue de incrementos.
3. El usuario se encuentra loqueado en el sistema.
Entrada:
1. El usuario da clic en Administración/ Carga de Incrementos Automáticos.
2. El usuario da clic en Examinar. 
3. El usuario selecciona el archivo a cargar y da clic en Abrir.
4. El usuario da clic en Cargar.
Resultado:
1. Verificar que el archivo se cargue en el sistema.', 12, NULL, '2014-03-09 11:06:30.107', NULL, 'anonymousUser', NULL, NULL, NULL);
INSERT INTO sgp_caso_prueba (id_caso_prueba, id_artefacto, id_mapa_prueba, descripcion, resultado, tipo_prueba, cumple, fec_creacion, fec_edita, usuario_crea, usuario_edita, usuario_ejecuta, fec_ejecuta) VALUES (238, 2, 30, 'Subir Archivo Plano, cuando el archivo tiene una extensión diferente a txt.', 'Ambiente:
1. El usuario cuenta con el rol Grabación Automática de Ventas.
2. Existe un formulario para el cargue de incrementos.
3. El usuario se encuentra loqueado en el sistema.
Entrada:
1. El usuario da clic en Administración/ Carga de Incrementos Automáticos.
2. El usuario da clic en Examinar. 
3. El usuario selecciona el archivo a cargar y da clic en Abrir.
4. El usuario da clic en Cargar.
Resultado:
1. El sistema muestra un mensaje informado que la extensión del archivo debe de ser txt.', 12, NULL, '2014-03-09 11:06:30.147', NULL, 'anonymousUser', NULL, NULL, NULL);
INSERT INTO sgp_caso_prueba (id_caso_prueba, id_artefacto, id_mapa_prueba, descripcion, resultado, tipo_prueba, cumple, fec_creacion, fec_edita, usuario_crea, usuario_edita, usuario_ejecuta, fec_ejecuta) VALUES (239, 1, 30, 'Subir Archivo Plano, cuando este se encuentra en blanco.', 'Ambiente:
1. El usuario cuenta con el rol Grabación Automática de Ventas.
2. Existe un formulario para el cargue de incrementos.
3. El usuario se encuentra loqueado en el sistema.
Entrada:
1. El usuario da clic en Administración/ Carga de Incrementos Automáticos.
2. El usuario da clic en Examinar. 
3. El usuario selecciona el archivo a cargar y da clic en Abrir.
4. El usuario da clic en Cargar.
Resultado:
1. El sistema muestra un mensaje informado que el archivo se encuentra vacío.', 12, NULL, '2014-03-09 11:06:30.229', NULL, 'anonymousUser', NULL, NULL, NULL);
INSERT INTO sgp_caso_prueba (id_caso_prueba, id_artefacto, id_mapa_prueba, descripcion, resultado, tipo_prueba, cumple, fec_creacion, fec_edita, usuario_crea, usuario_edita, usuario_ejecuta, fec_ejecuta) VALUES (260, 1, 30, 'Iniciar proceso de grabación, cuando el usuario no a cargado un archivo previamente.', 'Ambiente:
1. El usuario cuenta con el rol Grabación Automática de Ventas.
2. Existe un formulario para el cargue de incrementos.
3. El usuario se encuentra loqueado en el sistema.
Entrada:
1. El usuario da clic en Administración / Carga de Incrementos Automáticos.
2. El usuario da clic en Procesar.
Resultado:
1. El sistema muestra un mensaje Informado Debe de carga un archivo, para poder procesarlo. 
2. Verificar que el sistema no realice ninguna acción.', 12, NULL, '2014-03-10 11:44:35.536', NULL, 'anonymousUser', NULL, NULL, NULL);
INSERT INTO sgp_caso_prueba (id_caso_prueba, id_artefacto, id_mapa_prueba, descripcion, resultado, tipo_prueba, cumple, fec_creacion, fec_edita, usuario_crea, usuario_edita, usuario_ejecuta, fec_ejecuta) VALUES (354, 1, 10, 'Iniciar proceso de grabación, cuando el usuario selecciona un archivo con un formato diferente a txt.', 'Ambiente:
1. El usuario cuenta con el rol Grabación Automática de Ventas.
2. Existe un formulario para el cargue de incrementos.
3. El usuario se encuentra loqueado en el sistema.
Entrada:
1. El usuario da clic en Administración/ Carga de Incrementos Automáticos.
2. El usuario da clic en Examinar. 
3. El usuario selecciona el archivo a cargar y da clic en Abrir.
4. El usuario da clic en Cargar.
5. El usuario da clic en Procesar.
Resultado:
1. El sistema muestra un mensaje Informado El archivo debe de tener una extensión .txt. 
2. Verificar que el sistema no realice ninguna acción. ', 1, NULL, '2014-03-13 08:45:05.713', NULL, 'anonymousUser', NULL, NULL, NULL);
INSERT INTO sgp_caso_prueba (id_caso_prueba, id_artefacto, id_mapa_prueba, descripcion, resultado, tipo_prueba, cumple, fec_creacion, fec_edita, usuario_crea, usuario_edita, usuario_ejecuta, fec_ejecuta) VALUES (228, 2, 30, 'Subir Archivo Plano, cuando el archivo tiene una extensión diferente a txt.', 'Ambiente:
1. El usuario cuenta con el rol Grabación Automática de Ventas.
2. Existe un formulario para el cargue de incrementos.
3. El usuario se encuentra loqueado en el sistema.
Entrada:
1. El usuario da clic en Administración/ Carga de Incrementos Automáticos.
2. El usuario da clic en Examinar. 
3. El usuario selecciona el archivo a cargar y da clic en Abrir.
4. El usuario da clic en Cargar.
Resultado:
1. El sistema muestra un mensaje informado que la extensión del archivo debe de ser txt.', 12, NULL, '2014-03-09 10:42:32.004', NULL, 'admin', NULL, NULL, NULL);
INSERT INTO sgp_caso_prueba (id_caso_prueba, id_artefacto, id_mapa_prueba, descripcion, resultado, tipo_prueba, cumple, fec_creacion, fec_edita, usuario_crea, usuario_edita, usuario_ejecuta, fec_ejecuta) VALUES (240, 2, 30, 'Iniciar proceso de grabación, cuando el usuario cuenta con el perfil Grabación Automáticas de Ventas. ', 'Ambiente:
1. El usuario cuenta con el rol Grabación Automática de Ventas.
2. Existe un formulario para el cargue de incrementos.
3. El usuario se encuentra loqueado en el sistema.
Entrada:
1. El usuario da clic en Administración/ Carga de Incrementos Automáticos.
2. El usuario da clic en Examinar. 
3. El usuario selecciona el archivo a cargar y da clic en Abrir.
4. El usuario da clic en Cargar.
5. El usuario da clic en Procesar.
Resultado:
1. Verificar que el sistema muestre un mensaje informado El proceso se realizo correctamente.
2. Verificar que el sistema muestre un log con los errores encontrados.
3. Verificar que este log de errores se pueda exporta y guardar a Excel.
4. Verificar que el sistema muestre un reporte con los casos guardados de forma efectiva adicionándole el número de solicitud con el cual fue grabado y el estado de dicha solicitud.
5. Verificar que este reporte se pueda exportar y guardar a Excel', 12, NULL, '2014-03-09 11:06:30.287', NULL, 'anonymousUser', NULL, NULL, NULL);
INSERT INTO sgp_caso_prueba (id_caso_prueba, id_artefacto, id_mapa_prueba, descripcion, resultado, tipo_prueba, cumple, fec_creacion, fec_edita, usuario_crea, usuario_edita, usuario_ejecuta, fec_ejecuta) VALUES (242, 2, 30, 'Iniciar proceso de grabación, cuando el usuario selecciona un archivo en blanco.', 'Ambiente:
1. Igual a la prueba número 1.
Entrada:
1. El usuario da clic en Administración/ Carga de Incrementos Automáticos.
2. El usuario da clic en Examinar. 
3. El usuario selecciona el archivo a cargar y da clic en Abrir.
4. El usuario da clic en Cargar.
5. El usuario da clic en Procesar.
Resultado:
1. El sistema muestra un mensaje Informado Debe el archivo plano se encuentra vacío. 
2. Verificar que el sistema no realice ninguna acción.', 12, NULL, '2014-03-09 11:06:30.359', NULL, 'anonymousUser', NULL, NULL, NULL);
INSERT INTO sgp_caso_prueba (id_caso_prueba, id_artefacto, id_mapa_prueba, descripcion, resultado, tipo_prueba, cumple, fec_creacion, fec_edita, usuario_crea, usuario_edita, usuario_ejecuta, fec_ejecuta) VALUES (243, 1, 30, 'Iniciar proceso de grabación, cuando el usuario selecciona un archivo con un formato diferente a txt.', 'Ambiente:
1. El usuario cuenta con el rol Grabación Automática de Ventas.
2. Existe un formulario para el cargue de incrementos.
3. El usuario se encuentra loqueado en el sistema.
Entrada:
1. El usuario da clic en Administración/ Carga de Incrementos Automáticos.
2. El usuario da clic en Examinar. 
3. El usuario selecciona el archivo a cargar y da clic en Abrir.
4. El usuario da clic en Cargar.
5. El usuario da clic en Procesar.
Resultado:
1. El sistema muestra un mensaje Informado El archivo debe de tener una extensión .txt. 
2. Verificar que el sistema no realice ninguna acción. ', 12, NULL, '2014-03-09 11:06:30.406', NULL, 'anonymousUser', NULL, NULL, NULL);
INSERT INTO sgp_caso_prueba (id_caso_prueba, id_artefacto, id_mapa_prueba, descripcion, resultado, tipo_prueba, cumple, fec_creacion, fec_edita, usuario_crea, usuario_edita, usuario_ejecuta, fec_ejecuta) VALUES (244, 2, 30, 'Iniciar proceso de grabación, cuando el usuario no cuenta con el rol Grabación Automáticas de Ventas. ', 'Ambiente:
1. El usuario cuenta con un rol diferente a Grabación Automáticas de Venta.
2. Existe un formulario para el cargue de incrementos.
3. El usuario se encuentra loqueado en el sistema.
Entrada:
1. El usuario da clic en Administración / Carga de Incrementos Automáticos.
Resultado:
1. El sistema muestra un mensaje Informado El usuario no tiene privilegios suficientes para ingresar al formulario.', 12, NULL, '2014-03-09 11:06:30.457', NULL, 'anonymousUser', NULL, NULL, NULL);
INSERT INTO sgp_caso_prueba (id_caso_prueba, id_artefacto, id_mapa_prueba, descripcion, resultado, tipo_prueba, cumple, fec_creacion, fec_edita, usuario_crea, usuario_edita, usuario_ejecuta, fec_ejecuta) VALUES (245, 28, 4, 'Iniciar proceso de grabación, cuando el usuario selecciona un archivo en blanco.', 'Ambiente:
1. El usuario cuenta con el rol Grabación Automática de Ventas.
2. Existe un formulario para el cargue de incrementos.
3. El usuario se encuentra loqueado en el sistema.
Entrada:
1. El usuario da clic en Administración/ Carga de Incrementos Automáticos.
2. El usuario da clic en Examinar. 
3. El usuario selecciona el archivo a cargar y da clic en Abrir.
4. El usuario da clic en Cargar.
5. El usuario da clic en Procesar.
Resultado:
1. El sistema muestra un mensaje Informado Debe el archivo plano se encuentra vacío. 
2. Verificar que el sistema no realice ninguna acción.', 12, NULL, '2014-03-09 11:06:30.526', NULL, 'anonymousUser', NULL, NULL, NULL);
INSERT INTO sgp_caso_prueba (id_caso_prueba, id_artefacto, id_mapa_prueba, descripcion, resultado, tipo_prueba, cumple, fec_creacion, fec_edita, usuario_crea, usuario_edita, usuario_ejecuta, fec_ejecuta) VALUES (246, 28, 4, 'Iniciar proceso de grabación, cuando el usuario selecciona un archivo con un formato diferente a txt.', 'Ambiente:
1. El usuario cuenta con el rol Grabación Automática de Ventas.
2. Existe un formulario para el cargue de incrementos.
3. El usuario se encuentra loqueado en el sistema.
Entrada:
1. El usuario da clic en Administración/ Carga de Incrementos Automáticos.
2. El usuario da clic en Examinar. 
3. El usuario selecciona el archivo a cargar y da clic en Abrir.
4. El usuario da clic en Cargar.
5. El usuario da clic en Procesar.
Resultado:
1. El sistema muestra un mensaje Informado El archivo debe de tener una extensión .txt. 
2. Verificar que el sistema no realice ninguna acción. ', 12, NULL, '2014-03-09 11:06:30.576', NULL, 'anonymousUser', NULL, NULL, NULL);
INSERT INTO sgp_caso_prueba (id_caso_prueba, id_artefacto, id_mapa_prueba, descripcion, resultado, tipo_prueba, cumple, fec_creacion, fec_edita, usuario_crea, usuario_edita, usuario_ejecuta, fec_ejecuta) VALUES (241, 1, 30, 'Iniciar proceso de grabación, cuando el usuario no a cargado un archivo previamente.', 'Ambiente:
1. El usuario cuenta con el rol Grabación Automática de Ventas.
2. Existe un formulario para el cargue de incrementos.
3. El usuario se encuentra loqueado en el sistema.
Entrada:
1. El usuario da clic en Administración / Carga de Incrementos Automáticos.
2. El usuario da clic en Procesar.
Resultado:
1. El sistema muestra un mensaje Informado Debe de carga un archivo, para poder procesarlo. 
2. Verificar que el sistema no realice ninguna acción.', 12, 'No', '2014-03-09 11:06:30.328', NULL, 'anonymousUser', NULL, 'admin', '2014-03-09 12:52:34.527');
INSERT INTO sgp_caso_prueba (id_caso_prueba, id_artefacto, id_mapa_prueba, descripcion, resultado, tipo_prueba, cumple, fec_creacion, fec_edita, usuario_crea, usuario_edita, usuario_ejecuta, fec_ejecuta) VALUES (258, 1, 30, 'Subir Archivo Plano, cuando este se encuentra en blanco.', 'Ambiente:
1. El usuario cuenta con el rol Grabación Automática de Ventas.
2. Existe un formulario para el cargue de incrementos.
3. El usuario se encuentra loqueado en el sistema.
Entrada:
1. El usuario da clic en Administración/ Carga de Incrementos Automáticos.
2. El usuario da clic en Examinar. 
3. El usuario selecciona el archivo a cargar y da clic en Abrir.
4. El usuario da clic en Cargar.
Resultado:
1. El sistema muestra un mensaje informado que el archivo se encuentra vacío.', 12, NULL, '2014-03-10 11:44:35.36', NULL, 'anonymousUser', NULL, NULL, NULL);
INSERT INTO sgp_caso_prueba (id_caso_prueba, id_artefacto, id_mapa_prueba, descripcion, resultado, tipo_prueba, cumple, fec_creacion, fec_edita, usuario_crea, usuario_edita, usuario_ejecuta, fec_ejecuta) VALUES (261, 2, 30, 'Iniciar proceso de grabación, cuando el usuario selecciona un archivo en blanco.', 'Ambiente:
1. Igual a la prueba número 1.
Entrada:
1. El usuario da clic en Administración/ Carga de Incrementos Automáticos.
2. El usuario da clic en Examinar. 
3. El usuario selecciona el archivo a cargar y da clic en Abrir.
4. El usuario da clic en Cargar.
5. El usuario da clic en Procesar.
Resultado:
1. El sistema muestra un mensaje Informado Debe el archivo plano se encuentra vacío. 
2. Verificar que el sistema no realice ninguna acción.', 12, NULL, '2014-03-10 11:44:35.576', NULL, 'anonymousUser', NULL, NULL, NULL);
INSERT INTO sgp_caso_prueba (id_caso_prueba, id_artefacto, id_mapa_prueba, descripcion, resultado, tipo_prueba, cumple, fec_creacion, fec_edita, usuario_crea, usuario_edita, usuario_ejecuta, fec_ejecuta) VALUES (355, 1, 24, 'Subir Archivo Plano cuando el usuario cuenta con el rol Grabación Automáticas de Ventas.', 'Ambiente:
1. El usuario cuenta con el rol Grabación Automática de Ventas.
2. Existe un formulario para el cargue de incrementos.
3. El usuario se encuentra loqueado en el sistema.
Entrada:
1. El usuario da clic en Administración/ Carga de Incrementos Automáticos.
2. El usuario da clic en Examinar. 
3. El usuario selecciona el archivo a cargar y da clic en Abrir.
4. El usuario da clic en Cargar.
Resultado:
1. Verificar que el archivo se cargue en el sistema.', 1, NULL, '2014-03-13 09:25:09.874', NULL, 'admin', NULL, NULL, NULL);
INSERT INTO sgp_caso_prueba (id_caso_prueba, id_artefacto, id_mapa_prueba, descripcion, resultado, tipo_prueba, cumple, fec_creacion, fec_edita, usuario_crea, usuario_edita, usuario_ejecuta, fec_ejecuta) VALUES (229, 1, 30, 'Subir Archivo Plano, cuando este se encuentra en blanco.', 'Ambiente:
1. El usuario cuenta con el rol Grabación Automática de Ventas.
2. Existe un formulario para el cargue de incrementos.
3. El usuario se encuentra loqueado en el sistema.
Entrada:
1. El usuario da clic en Administración/ Carga de Incrementos Automáticos.
2. El usuario da clic en Examinar. 
3. El usuario selecciona el archivo a cargar y da clic en Abrir.
4. El usuario da clic en Cargar.
Resultado:
1. El sistema muestra un mensaje informado que el archivo se encuentra vacío.', 12, NULL, '2014-03-09 10:42:32.053', NULL, 'admin', NULL, NULL, NULL);
INSERT INTO sgp_caso_prueba (id_caso_prueba, id_artefacto, id_mapa_prueba, descripcion, resultado, tipo_prueba, cumple, fec_creacion, fec_edita, usuario_crea, usuario_edita, usuario_ejecuta, fec_ejecuta) VALUES (230, 2, 30, 'Iniciar proceso de grabación, cuando el usuario cuenta con el perfil Grabación Automáticas de Ventas. ', 'Ambiente:
1. El usuario cuenta con el rol Grabación Automática de Ventas.
2. Existe un formulario para el cargue de incrementos.
3. El usuario se encuentra loqueado en el sistema.
Entrada:
1. El usuario da clic en Administración/ Carga de Incrementos Automáticos.
2. El usuario da clic en Examinar. 
3. El usuario selecciona el archivo a cargar y da clic en Abrir.
4. El usuario da clic en Cargar.
5. El usuario da clic en Procesar.
Resultado:
1. Verificar que el sistema muestre un mensaje informado El proceso se realizo correctamente.
2. Verificar que el sistema muestre un log con los errores encontrados.
3. Verificar que este log de errores se pueda exporta y guardar a Excel.
4. Verificar que el sistema muestre un reporte con los casos guardados de forma efectiva adicionándole el número de solicitud con el cual fue grabado y el estado de dicha solicitud.
5. Verificar que este reporte se pueda exportar y guardar a Excel', 12, NULL, '2014-03-09 10:42:32.095', NULL, 'admin', NULL, NULL, NULL);
INSERT INTO sgp_caso_prueba (id_caso_prueba, id_artefacto, id_mapa_prueba, descripcion, resultado, tipo_prueba, cumple, fec_creacion, fec_edita, usuario_crea, usuario_edita, usuario_ejecuta, fec_ejecuta) VALUES (231, 1, 30, 'Iniciar proceso de grabación, cuando el usuario no a cargado un archivo previamente.', 'Ambiente:
1. El usuario cuenta con el rol Grabación Automática de Ventas.
2. Existe un formulario para el cargue de incrementos.
3. El usuario se encuentra loqueado en el sistema.
Entrada:
1. El usuario da clic en Administración / Carga de Incrementos Automáticos.
2. El usuario da clic en Procesar.
Resultado:
1. El sistema muestra un mensaje Informado Debe de carga un archivo, para poder procesarlo. 
2. Verificar que el sistema no realice ninguna acción.', 12, NULL, '2014-03-09 10:42:32.136', NULL, 'admin', NULL, NULL, NULL);
INSERT INTO sgp_caso_prueba (id_caso_prueba, id_artefacto, id_mapa_prueba, descripcion, resultado, tipo_prueba, cumple, fec_creacion, fec_edita, usuario_crea, usuario_edita, usuario_ejecuta, fec_ejecuta) VALUES (232, 2, 30, 'Iniciar proceso de grabación, cuando el usuario selecciona un archivo en blanco.', 'Ambiente:
1. Igual a la prueba número 1.
Entrada:
1. El usuario da clic en Administración/ Carga de Incrementos Automáticos.
2. El usuario da clic en Examinar. 
3. El usuario selecciona el archivo a cargar y da clic en Abrir.
4. El usuario da clic en Cargar.
5. El usuario da clic en Procesar.
Resultado:
1. El sistema muestra un mensaje Informado Debe el archivo plano se encuentra vacío. 
2. Verificar que el sistema no realice ninguna acción.', 12, NULL, '2014-03-09 10:42:32.186', NULL, 'admin', NULL, NULL, NULL);
INSERT INTO sgp_caso_prueba (id_caso_prueba, id_artefacto, id_mapa_prueba, descripcion, resultado, tipo_prueba, cumple, fec_creacion, fec_edita, usuario_crea, usuario_edita, usuario_ejecuta, fec_ejecuta) VALUES (356, 1, 24, 'Subir Archivo Plano, cuando el archivo tiene una extensión diferente a txt.', 'Ambiente:
1. El usuario cuenta con el rol Grabación Automática de Ventas.
2. Existe un formulario para el cargue de incrementos.
3. El usuario se encuentra loqueado en el sistema.
Entrada:
1. El usuario da clic en Administración/ Carga de Incrementos Automáticos.
2. El usuario da clic en Examinar. 
3. El usuario selecciona el archivo a cargar y da clic en Abrir.
4. El usuario da clic en Cargar.
Resultado:
1. El sistema muestra un mensaje informado que la extensión del archivo debe de ser txt.', 1, NULL, '2014-03-13 09:25:09.991', NULL, 'admin', NULL, NULL, NULL);
INSERT INTO sgp_caso_prueba (id_caso_prueba, id_artefacto, id_mapa_prueba, descripcion, resultado, tipo_prueba, cumple, fec_creacion, fec_edita, usuario_crea, usuario_edita, usuario_ejecuta, fec_ejecuta) VALUES (357, 1, 24, 'Subir Archivo Plano, cuando este se encuentra en blanco.', 'Ambiente:
1. El usuario cuenta con el rol Grabación Automática de Ventas.
2. Existe un formulario para el cargue de incrementos.
3. El usuario se encuentra loqueado en el sistema.
Entrada:
1. El usuario da clic en Administración/ Carga de Incrementos Automáticos.
2. El usuario da clic en Examinar. 
3. El usuario selecciona el archivo a cargar y da clic en Abrir.
4. El usuario da clic en Cargar.
Resultado:
1. El sistema muestra un mensaje informado que el archivo se encuentra vacío.', 1, NULL, '2014-03-13 09:25:10.034', NULL, 'admin', NULL, NULL, NULL);
INSERT INTO sgp_caso_prueba (id_caso_prueba, id_artefacto, id_mapa_prueba, descripcion, resultado, tipo_prueba, cumple, fec_creacion, fec_edita, usuario_crea, usuario_edita, usuario_ejecuta, fec_ejecuta) VALUES (358, 1, 24, 'Iniciar proceso de grabación, cuando el usuario cuenta con el perfil Grabación Automáticas de Ventas. ', 'Ambiente:
1. El usuario cuenta con el rol Grabación Automática de Ventas.
2. Existe un formulario para el cargue de incrementos.
3. El usuario se encuentra loqueado en el sistema.
Entrada:
1. El usuario da clic en Administración/ Carga de Incrementos Automáticos.
2. El usuario da clic en Examinar. 
3. El usuario selecciona el archivo a cargar y da clic en Abrir.
4. El usuario da clic en Cargar.
5. El usuario da clic en Procesar.
Resultado:
1. Verificar que el sistema muestre un mensaje informado El proceso se realizo correctamente.
2. Verificar que el sistema muestre un log con los errores encontrados.
3. Verificar que este log de errores se pueda exporta y guardar a Excel.
4. Verificar que el sistema muestre un reporte con los casos guardados de forma efectiva adicionándole el número de solicitud con el cual fue grabado y el estado de dicha solicitud.
5. Verificar que este reporte se pueda exportar y guardar a Excel', 1, NULL, '2014-03-13 09:25:10.073', NULL, 'admin', NULL, NULL, NULL);
INSERT INTO sgp_caso_prueba (id_caso_prueba, id_artefacto, id_mapa_prueba, descripcion, resultado, tipo_prueba, cumple, fec_creacion, fec_edita, usuario_crea, usuario_edita, usuario_ejecuta, fec_ejecuta) VALUES (359, 1, 24, 'Iniciar proceso de grabación, cuando el usuario no a cargado un archivo previamente.', 'Ambiente:
1. El usuario cuenta con el rol Grabación Automática de Ventas.
2. Existe un formulario para el cargue de incrementos.
3. El usuario se encuentra loqueado en el sistema.
Entrada:
1. El usuario da clic en Administración / Carga de Incrementos Automáticos.
2. El usuario da clic en Procesar.
Resultado:
1. El sistema muestra un mensaje Informado Debe de carga un archivo, para poder procesarlo. 
2. Verificar que el sistema no realice ninguna acción.', 1, NULL, '2014-03-13 09:25:10.121', NULL, 'admin', NULL, NULL, NULL);
INSERT INTO sgp_caso_prueba (id_caso_prueba, id_artefacto, id_mapa_prueba, descripcion, resultado, tipo_prueba, cumple, fec_creacion, fec_edita, usuario_crea, usuario_edita, usuario_ejecuta, fec_ejecuta) VALUES (360, 1, 24, 'Iniciar proceso de grabación, cuando el usuario selecciona un archivo en blanco.', 'Ambiente:
1. Igual a la prueba número 1.
Entrada:
1. El usuario da clic en Administración/ Carga de Incrementos Automáticos.
2. El usuario da clic en Examinar. 
3. El usuario selecciona el archivo a cargar y da clic en Abrir.
4. El usuario da clic en Cargar.
5. El usuario da clic en Procesar.
Resultado:
1. El sistema muestra un mensaje Informado Debe el archivo plano se encuentra vacío. 
2. Verificar que el sistema no realice ninguna acción.', 1, NULL, '2014-03-13 09:25:10.163', NULL, 'admin', NULL, NULL, NULL);
INSERT INTO sgp_caso_prueba (id_caso_prueba, id_artefacto, id_mapa_prueba, descripcion, resultado, tipo_prueba, cumple, fec_creacion, fec_edita, usuario_crea, usuario_edita, usuario_ejecuta, fec_ejecuta) VALUES (361, 1, 24, 'Iniciar proceso de grabación, cuando el usuario selecciona un archivo con un formato diferente a txt.', 'Ambiente:
1. El usuario cuenta con el rol Grabación Automática de Ventas.
2. Existe un formulario para el cargue de incrementos.
3. El usuario se encuentra loqueado en el sistema.
Entrada:
1. El usuario da clic en Administración/ Carga de Incrementos Automáticos.
2. El usuario da clic en Examinar. 
3. El usuario selecciona el archivo a cargar y da clic en Abrir.
4. El usuario da clic en Cargar.
5. El usuario da clic en Procesar.
Resultado:
1. El sistema muestra un mensaje Informado El archivo debe de tener una extensión .txt. 
2. Verificar que el sistema no realice ninguna acción. ', 1, NULL, '2014-03-13 09:25:10.204', NULL, 'admin', NULL, NULL, NULL);
INSERT INTO sgp_caso_prueba (id_caso_prueba, id_artefacto, id_mapa_prueba, descripcion, resultado, tipo_prueba, cumple, fec_creacion, fec_edita, usuario_crea, usuario_edita, usuario_ejecuta, fec_ejecuta) VALUES (362, 1, 24, 'Iniciar proceso de grabación, cuando el usuario no cuenta con el rol Grabación Automáticas de Ventas. ', 'Ambiente:
1. El usuario cuenta con un rol diferente a Grabación Automáticas de Venta.
2. Existe un formulario para el cargue de incrementos.
3. El usuario se encuentra loqueado en el sistema.
Entrada:
1. El usuario da clic en Administración / Carga de Incrementos Automáticos.
Resultado:
1. El sistema muestra un mensaje Informado El usuario no tiene privilegios suficientes para ingresar al formulario.', 1, NULL, '2014-03-13 09:25:10.264', NULL, 'admin', NULL, NULL, NULL);
INSERT INTO sgp_caso_prueba (id_caso_prueba, id_artefacto, id_mapa_prueba, descripcion, resultado, tipo_prueba, cumple, fec_creacion, fec_edita, usuario_crea, usuario_edita, usuario_ejecuta, fec_ejecuta) VALUES (236, 28, 4, 'Iniciar proceso de grabación, cuando el usuario selecciona un archivo con un formato diferente a txt.', 'Ambiente:
1. El usuario cuenta con el rol Grabación Automática de Ventas.
2. Existe un formulario para el cargue de incrementos.
3. El usuario se encuentra loqueado en el sistema.
Entrada:
1. El usuario da clic en Administración/ Carga de Incrementos Automáticos.
2. El usuario da clic en Examinar. 
3. El usuario selecciona el archivo a cargar y da clic en Abrir.
4. El usuario da clic en Cargar.
5. El usuario da clic en Procesar.
Resultado:
1. El sistema muestra un mensaje Informado El archivo debe de tener una extensión .txt. 
2. Verificar que el sistema no realice ninguna acción. ', 12, NULL, '2014-03-09 10:42:32.416', NULL, 'admin', NULL, NULL, NULL);
INSERT INTO sgp_caso_prueba (id_caso_prueba, id_artefacto, id_mapa_prueba, descripcion, resultado, tipo_prueba, cumple, fec_creacion, fec_edita, usuario_crea, usuario_edita, usuario_ejecuta, fec_ejecuta) VALUES (327, 2, 30, 'Subir Archivo Plano, cuando el archivo tiene una extensión diferente a txt.', 'Ambiente:
1. El usuario cuenta con el rol Grabación Automática de Ventas.
2. Existe un formulario para el cargue de incrementos.
3. El usuario se encuentra loqueado en el sistema.
Entrada:
1. El usuario da clic en Administración/ Carga de Incrementos Automáticos.
2. El usuario da clic en Examinar. 
3. El usuario selecciona el archivo a cargar y da clic en Abrir.
4. El usuario da clic en Cargar.
Resultado:
1. El sistema muestra un mensaje informado que la extensión del archivo debe de ser txt.', 12, NULL, '2014-03-10 18:30:27.67', NULL, 'admin', NULL, NULL, NULL);
INSERT INTO sgp_caso_prueba (id_caso_prueba, id_artefacto, id_mapa_prueba, descripcion, resultado, tipo_prueba, cumple, fec_creacion, fec_edita, usuario_crea, usuario_edita, usuario_ejecuta, fec_ejecuta) VALUES (328, 1, 30, 'Subir Archivo Plano, cuando este se encuentra en blanco.', 'Ambiente:
1. El usuario cuenta con el rol Grabación Automática de Ventas.
2. Existe un formulario para el cargue de incrementos.
3. El usuario se encuentra loqueado en el sistema.
Entrada:
1. El usuario da clic en Administración/ Carga de Incrementos Automáticos.
2. El usuario da clic en Examinar. 
3. El usuario selecciona el archivo a cargar y da clic en Abrir.
4. El usuario da clic en Cargar.
Resultado:
1. El sistema muestra un mensaje informado que el archivo se encuentra vacío.', 12, NULL, '2014-03-10 18:30:27.686', NULL, 'admin', NULL, NULL, NULL);
INSERT INTO sgp_caso_prueba (id_caso_prueba, id_artefacto, id_mapa_prueba, descripcion, resultado, tipo_prueba, cumple, fec_creacion, fec_edita, usuario_crea, usuario_edita, usuario_ejecuta, fec_ejecuta) VALUES (329, 2, 30, 'Iniciar proceso de grabación, cuando el usuario cuenta con el perfil Grabación Automáticas de Ventas. ', 'Ambiente:
1. El usuario cuenta con el rol Grabación Automática de Ventas.
2. Existe un formulario para el cargue de incrementos.
3. El usuario se encuentra loqueado en el sistema.
Entrada:
1. El usuario da clic en Administración/ Carga de Incrementos Automáticos.
2. El usuario da clic en Examinar. 
3. El usuario selecciona el archivo a cargar y da clic en Abrir.
4. El usuario da clic en Cargar.
5. El usuario da clic en Procesar.
Resultado:
1. Verificar que el sistema muestre un mensaje informado El proceso se realizo correctamente.
2. Verificar que el sistema muestre un log con los errores encontrados.
3. Verificar que este log de errores se pueda exporta y guardar a Excel.
4. Verificar que el sistema muestre un reporte con los casos guardados de forma efectiva adicionándole el número de solicitud con el cual fue grabado y el estado de dicha solicitud.
5. Verificar que este reporte se pueda exportar y guardar a Excel', 12, NULL, '2014-03-10 18:30:27.7', NULL, 'admin', NULL, NULL, NULL);
INSERT INTO sgp_caso_prueba (id_caso_prueba, id_artefacto, id_mapa_prueba, descripcion, resultado, tipo_prueba, cumple, fec_creacion, fec_edita, usuario_crea, usuario_edita, usuario_ejecuta, fec_ejecuta) VALUES (363, 1, 24, 'Iniciar proceso de grabación, cuando el usuario selecciona un archivo en blanco.', 'Ambiente:
1. El usuario cuenta con el rol Grabación Automática de Ventas.
2. Existe un formulario para el cargue de incrementos.
3. El usuario se encuentra loqueado en el sistema.
Entrada:
1. El usuario da clic en Administración/ Carga de Incrementos Automáticos.
2. El usuario da clic en Examinar. 
3. El usuario selecciona el archivo a cargar y da clic en Abrir.
4. El usuario da clic en Cargar.
5. El usuario da clic en Procesar.
Resultado:
1. El sistema muestra un mensaje Informado Debe el archivo plano se encuentra vacío. 
2. Verificar que el sistema no realice ninguna acción.', 1, NULL, '2014-03-13 09:25:10.291', NULL, 'admin', NULL, NULL, NULL);
INSERT INTO sgp_caso_prueba (id_caso_prueba, id_artefacto, id_mapa_prueba, descripcion, resultado, tipo_prueba, cumple, fec_creacion, fec_edita, usuario_crea, usuario_edita, usuario_ejecuta, fec_ejecuta) VALUES (364, 1, 24, 'Iniciar proceso de grabación, cuando el usuario selecciona un archivo con un formato diferente a txt.', 'Ambiente:
1. El usuario cuenta con el rol Grabación Automática de Ventas.
2. Existe un formulario para el cargue de incrementos.
3. El usuario se encuentra loqueado en el sistema.
Entrada:
1. El usuario da clic en Administración/ Carga de Incrementos Automáticos.
2. El usuario da clic en Examinar. 
3. El usuario selecciona el archivo a cargar y da clic en Abrir.
4. El usuario da clic en Cargar.
5. El usuario da clic en Procesar.
Resultado:
1. El sistema muestra un mensaje Informado El archivo debe de tener una extensión .txt. 
2. Verificar que el sistema no realice ninguna acción. ', 1, NULL, '2014-03-13 09:25:10.339', NULL, 'admin', NULL, NULL, NULL);
INSERT INTO sgp_caso_prueba (id_caso_prueba, id_artefacto, id_mapa_prueba, descripcion, resultado, tipo_prueba, cumple, fec_creacion, fec_edita, usuario_crea, usuario_edita, usuario_ejecuta, fec_ejecuta) VALUES (365, 1, 30, 'Descripción de la Prueba: Descripción de la Prueba: Descripción de la Prueba:', 'Descripción de la Prueba: Descripción de la Prueba: Descripción de la Prueba:', 13, NULL, '2014-03-13 10:45:17.428', NULL, 'admin', NULL, NULL, NULL);
INSERT INTO sgp_caso_prueba (id_caso_prueba, id_artefacto, id_mapa_prueba, descripcion, resultado, tipo_prueba, cumple, fec_creacion, fec_edita, usuario_crea, usuario_edita, usuario_ejecuta, fec_ejecuta) VALUES (366, 2, 30, 'dasdssdas', 'dasdsad', 12, NULL, '2014-03-13 22:07:33.315', NULL, 'admin', NULL, NULL, NULL);
INSERT INTO sgp_caso_prueba (id_caso_prueba, id_artefacto, id_mapa_prueba, descripcion, resultado, tipo_prueba, cumple, fec_creacion, fec_edita, usuario_crea, usuario_edita, usuario_ejecuta, fec_ejecuta) VALUES (22, 28, 4, 'jjjj				', 'plo		', 12, 'No', '2014-02-24 11:43:08.298', '2014-03-14 10:05:42.742', 'anonymousUser', 'admin', 'admin', '2014-03-11 20:47:40.577');
INSERT INTO sgp_caso_prueba (id_caso_prueba, id_artefacto, id_mapa_prueba, descripcion, resultado, tipo_prueba, cumple, fec_creacion, fec_edita, usuario_crea, usuario_edita, usuario_ejecuta, fec_ejecuta) VALUES (247, 30, 41, 'asdasdasdasd									', 'sdasdadas							', 12, 'No', '2014-03-09 11:51:59.051', NULL, 'admin', NULL, 'admin', '2014-03-09 13:09:32.177');
INSERT INTO sgp_caso_prueba (id_caso_prueba, id_artefacto, id_mapa_prueba, descripcion, resultado, tipo_prueba, cumple, fec_creacion, fec_edita, usuario_crea, usuario_edita, usuario_ejecuta, fec_ejecuta) VALUES (262, 1, 30, 'Iniciar proceso de grabación, cuando el usuario selecciona un archivo con un formato diferente a txt.', 'Ambiente:
1. El usuario cuenta con el rol Grabación Automática de Ventas.
2. Existe un formulario para el cargue de incrementos.
3. El usuario se encuentra loqueado en el sistema.
Entrada:
1. El usuario da clic en Administración/ Carga de Incrementos Automáticos.
2. El usuario da clic en Examinar. 
3. El usuario selecciona el archivo a cargar y da clic en Abrir.
4. El usuario da clic en Cargar.
5. El usuario da clic en Procesar.
Resultado:
1. El sistema muestra un mensaje Informado El archivo debe de tener una extensión .txt. 
2. Verificar que el sistema no realice ninguna acción. ', 12, NULL, '2014-03-10 11:44:35.617', NULL, 'anonymousUser', NULL, NULL, NULL);
INSERT INTO sgp_caso_prueba (id_caso_prueba, id_artefacto, id_mapa_prueba, descripcion, resultado, tipo_prueba, cumple, fec_creacion, fec_edita, usuario_crea, usuario_edita, usuario_ejecuta, fec_ejecuta) VALUES (263, 2, 30, 'Iniciar proceso de grabación, cuando el usuario no cuenta con el rol Grabación Automáticas de Ventas. ', 'Ambiente:
1. El usuario cuenta con un rol diferente a Grabación Automáticas de Venta.
2. Existe un formulario para el cargue de incrementos.
3. El usuario se encuentra loqueado en el sistema.
Entrada:
1. El usuario da clic en Administración / Carga de Incrementos Automáticos.
Resultado:
1. El sistema muestra un mensaje Informado El usuario no tiene privilegios suficientes para ingresar al formulario.', 12, NULL, '2014-03-10 11:44:35.702', NULL, 'anonymousUser', NULL, NULL, NULL);
INSERT INTO sgp_caso_prueba (id_caso_prueba, id_artefacto, id_mapa_prueba, descripcion, resultado, tipo_prueba, cumple, fec_creacion, fec_edita, usuario_crea, usuario_edita, usuario_ejecuta, fec_ejecuta) VALUES (336, 1, 30, 'add', 'SDAAd', 12, NULL, '2014-03-10 20:49:54.973', NULL, 'admin', NULL, NULL, NULL);
INSERT INTO sgp_caso_prueba (id_caso_prueba, id_artefacto, id_mapa_prueba, descripcion, resultado, tipo_prueba, cumple, fec_creacion, fec_edita, usuario_crea, usuario_edita, usuario_ejecuta, fec_ejecuta) VALUES (264, 28, 4, 'Iniciar proceso de grabación, cuando el usuario selecciona un archivo en blanco.', 'Ambiente:
1. El usuario cuenta con el rol Grabación Automática de Ventas.
2. Existe un formulario para el cargue de incrementos.
3. El usuario se encuentra loqueado en el sistema.
Entrada:
1. El usuario da clic en Administración/ Carga de Incrementos Automáticos.
2. El usuario da clic en Examinar. 
3. El usuario selecciona el archivo a cargar y da clic en Abrir.
4. El usuario da clic en Cargar.
5. El usuario da clic en Procesar.
Resultado:
1. El sistema muestra un mensaje Informado Debe el archivo plano se encuentra vacío. 
2. Verificar que el sistema no realice ninguna acción.', 12, NULL, '2014-03-10 11:44:35.784', NULL, 'anonymousUser', NULL, NULL, NULL);
INSERT INTO sgp_caso_prueba (id_caso_prueba, id_artefacto, id_mapa_prueba, descripcion, resultado, tipo_prueba, cumple, fec_creacion, fec_edita, usuario_crea, usuario_edita, usuario_ejecuta, fec_ejecuta) VALUES (338, 2, 30, 'fdgdsfg', 'dsfgdsfg', 12, NULL, '2014-03-10 21:12:40.795', NULL, 'admin', NULL, NULL, NULL);
INSERT INTO sgp_caso_prueba (id_caso_prueba, id_artefacto, id_mapa_prueba, descripcion, resultado, tipo_prueba, cumple, fec_creacion, fec_edita, usuario_crea, usuario_edita, usuario_ejecuta, fec_ejecuta) VALUES (339, 1, 30, 'sdsadasdsa', 'dadasdasd', 12, NULL, '2014-03-12 08:25:09.693', NULL, 'anonymousUser', NULL, NULL, NULL);
INSERT INTO sgp_caso_prueba (id_caso_prueba, id_artefacto, id_mapa_prueba, descripcion, resultado, tipo_prueba, cumple, fec_creacion, fec_edita, usuario_crea, usuario_edita, usuario_ejecuta, fec_ejecuta) VALUES (259, 2, 30, 'Iniciar proceso de grabación, cuando el usuario cuenta con el perfil Grabación Automáticas de Ventas. ', 'Ambiente:
1. El usuario cuenta con el rol Grabación Automática de Ventas.
2. Existe un formulario para el cargue de incrementos.
3. El usuario se encuentra loqueado en el sistema.
Entrada:
1. El usuario da clic en Administración/ Carga de Incrementos Automáticos.
2. El usuario da clic en Examinar. 
3. El usuario selecciona el archivo a cargar y da clic en Abrir.
4. El usuario da clic en Cargar.
5. El usuario da clic en Procesar.
Resultado:
1. Verificar que el sistema muestre un mensaje informado El proceso se realizo correctamente.
2. Verificar que el sistema muestre un log con los errores encontrados.
3. Verificar que este log de errores se pueda exporta y guardar a Excel.
4. Verificar que el sistema muestre un reporte con los casos guardados de forma efectiva adicionándole el número de solicitud con el cual fue grabado y el estado de dicha solicitud.
5. Verificar que este reporte se pueda exportar y guardar a Excel', 12, NULL, '2014-03-10 11:44:35.478', NULL, 'anonymousUser', NULL, NULL, NULL);
INSERT INTO sgp_caso_prueba (id_caso_prueba, id_artefacto, id_mapa_prueba, descripcion, resultado, tipo_prueba, cumple, fec_creacion, fec_edita, usuario_crea, usuario_edita, usuario_ejecuta, fec_ejecuta) VALUES (265, 28, 4, 'Iniciar proceso de grabación, cuando el usuario selecciona un archivo con un formato diferente a txt.', 'Ambiente:
1. El usuario cuenta con el rol Grabación Automática de Ventas.
2. Existe un formulario para el cargue de incrementos.
3. El usuario se encuentra loqueado en el sistema.
Entrada:
1. El usuario da clic en Administración/ Carga de Incrementos Automáticos.
2. El usuario da clic en Examinar. 
3. El usuario selecciona el archivo a cargar y da clic en Abrir.
4. El usuario da clic en Cargar.
5. El usuario da clic en Procesar.
Resultado:
1. El sistema muestra un mensaje Informado El archivo debe de tener una extensión .txt. 
2. Verificar que el sistema no realice ninguna acción. ', 12, NULL, '2014-03-10 11:44:35.826', NULL, 'anonymousUser', NULL, NULL, NULL);
INSERT INTO sgp_caso_prueba (id_caso_prueba, id_artefacto, id_mapa_prueba, descripcion, resultado, tipo_prueba, cumple, fec_creacion, fec_edita, usuario_crea, usuario_edita, usuario_ejecuta, fec_ejecuta) VALUES (332, 1, 30, 'Iniciar proceso de grabación, cuando el usuario selecciona un archivo con un formato diferente a txt.', 'Ambiente:
1. El usuario cuenta con el rol Grabación Automática de Ventas.
2. Existe un formulario para el cargue de incrementos.
3. El usuario se encuentra loqueado en el sistema.
Entrada:
1. El usuario da clic en Administración/ Carga de Incrementos Automáticos.
2. El usuario da clic en Examinar. 
3. El usuario selecciona el archivo a cargar y da clic en Abrir.
4. El usuario da clic en Cargar.
5. El usuario da clic en Procesar.
Resultado:
1. El sistema muestra un mensaje Informado El archivo debe de tener una extensión .txt. 
2. Verificar que el sistema no realice ninguna acción. ', 12, NULL, '2014-03-10 18:30:27.751', NULL, 'admin', NULL, NULL, NULL);
INSERT INTO sgp_caso_prueba (id_caso_prueba, id_artefacto, id_mapa_prueba, descripcion, resultado, tipo_prueba, cumple, fec_creacion, fec_edita, usuario_crea, usuario_edita, usuario_ejecuta, fec_ejecuta) VALUES (333, 2, 30, 'Iniciar proceso de grabación, cuando el usuario no cuenta con el rol Grabación Automáticas de Ventas. ', 'Ambiente:
1. El usuario cuenta con un rol diferente a Grabación Automáticas de Venta.
2. Existe un formulario para el cargue de incrementos.
3. El usuario se encuentra loqueado en el sistema.
Entrada:
1. El usuario da clic en Administración / Carga de Incrementos Automáticos.
Resultado:
1. El sistema muestra un mensaje Informado El usuario no tiene privilegios suficientes para ingresar al formulario.', 12, NULL, '2014-03-10 18:30:27.767', NULL, 'admin', NULL, NULL, NULL);
INSERT INTO sgp_caso_prueba (id_caso_prueba, id_artefacto, id_mapa_prueba, descripcion, resultado, tipo_prueba, cumple, fec_creacion, fec_edita, usuario_crea, usuario_edita, usuario_ejecuta, fec_ejecuta) VALUES (334, 28, 30, 'Iniciar proceso de grabación, cuando el usuario selecciona un archivo en blanco.', 'Ambiente:
1. El usuario cuenta con el rol Grabación Automática de Ventas.
2. Existe un formulario para el cargue de incrementos.
3. El usuario se encuentra loqueado en el sistema.
Entrada:
1. El usuario da clic en Administración/ Carga de Incrementos Automáticos.
2. El usuario da clic en Examinar. 
3. El usuario selecciona el archivo a cargar y da clic en Abrir.
4. El usuario da clic en Cargar.
5. El usuario da clic en Procesar.
Resultado:
1. El sistema muestra un mensaje Informado Debe el archivo plano se encuentra vacío. 
2. Verificar que el sistema no realice ninguna acción.', 12, NULL, '2014-03-10 18:30:27.783', NULL, 'admin', NULL, NULL, NULL);
INSERT INTO sgp_caso_prueba (id_caso_prueba, id_artefacto, id_mapa_prueba, descripcion, resultado, tipo_prueba, cumple, fec_creacion, fec_edita, usuario_crea, usuario_edita, usuario_ejecuta, fec_ejecuta) VALUES (248, 1, 30, 'Subir Archivo Plano cuando el usuario cuenta con el rol Grabación Automáticas de Ventas.', 'Ambiente:
1. El usuario cuenta con el rol Grabación Automática de Ventas.
2. Existe un formulario para el cargue de incrementos.
3. El usuario se encuentra loqueado en el sistema.
Entrada:
1. El usuario da clic en Administración/ Carga de Incrementos Automáticos.
2. El usuario da clic en Examinar. 
3. El usuario selecciona el archivo a cargar y da clic en Abrir.
4. El usuario da clic en Cargar.
Resultado:
1. Verificar que el archivo se cargue en el sistema.', 12, NULL, '2014-03-10 08:02:33.562', NULL, 'admin', NULL, NULL, NULL);
INSERT INTO sgp_caso_prueba (id_caso_prueba, id_artefacto, id_mapa_prueba, descripcion, resultado, tipo_prueba, cumple, fec_creacion, fec_edita, usuario_crea, usuario_edita, usuario_ejecuta, fec_ejecuta) VALUES (249, 2, 30, 'Subir Archivo Plano, cuando el archivo tiene una extensión diferente a txt.', 'Ambiente:
1. El usuario cuenta con el rol Grabación Automática de Ventas.
2. Existe un formulario para el cargue de incrementos.
3. El usuario se encuentra loqueado en el sistema.
Entrada:
1. El usuario da clic en Administración/ Carga de Incrementos Automáticos.
2. El usuario da clic en Examinar. 
3. El usuario selecciona el archivo a cargar y da clic en Abrir.
4. El usuario da clic en Cargar.
Resultado:
1. El sistema muestra un mensaje informado que la extensión del archivo debe de ser txt.', 12, NULL, '2014-03-10 08:02:33.631', NULL, 'admin', NULL, NULL, NULL);
INSERT INTO sgp_caso_prueba (id_caso_prueba, id_artefacto, id_mapa_prueba, descripcion, resultado, tipo_prueba, cumple, fec_creacion, fec_edita, usuario_crea, usuario_edita, usuario_ejecuta, fec_ejecuta) VALUES (250, 1, 30, 'Subir Archivo Plano, cuando este se encuentra en blanco.', 'Ambiente:
1. El usuario cuenta con el rol Grabación Automática de Ventas.
2. Existe un formulario para el cargue de incrementos.
3. El usuario se encuentra loqueado en el sistema.
Entrada:
1. El usuario da clic en Administración/ Carga de Incrementos Automáticos.
2. El usuario da clic en Examinar. 
3. El usuario selecciona el archivo a cargar y da clic en Abrir.
4. El usuario da clic en Cargar.
Resultado:
1. El sistema muestra un mensaje informado que el archivo se encuentra vacío.', 12, NULL, '2014-03-10 08:02:33.694', NULL, 'admin', NULL, NULL, NULL);
INSERT INTO sgp_caso_prueba (id_caso_prueba, id_artefacto, id_mapa_prueba, descripcion, resultado, tipo_prueba, cumple, fec_creacion, fec_edita, usuario_crea, usuario_edita, usuario_ejecuta, fec_ejecuta) VALUES (251, 2, 30, 'Iniciar proceso de grabación, cuando el usuario cuenta con el perfil Grabación Automáticas de Ventas. ', 'Ambiente:
1. El usuario cuenta con el rol Grabación Automática de Ventas.
2. Existe un formulario para el cargue de incrementos.
3. El usuario se encuentra loqueado en el sistema.
Entrada:
1. El usuario da clic en Administración/ Carga de Incrementos Automáticos.
2. El usuario da clic en Examinar. 
3. El usuario selecciona el archivo a cargar y da clic en Abrir.
4. El usuario da clic en Cargar.
5. El usuario da clic en Procesar.
Resultado:
1. Verificar que el sistema muestre un mensaje informado El proceso se realizo correctamente.
2. Verificar que el sistema muestre un log con los errores encontrados.
3. Verificar que este log de errores se pueda exporta y guardar a Excel.
4. Verificar que el sistema muestre un reporte con los casos guardados de forma efectiva adicionándole el número de solicitud con el cual fue grabado y el estado de dicha solicitud.
5. Verificar que este reporte se pueda exportar y guardar a Excel', 12, NULL, '2014-03-10 08:02:33.722', NULL, 'admin', NULL, NULL, NULL);
INSERT INTO sgp_caso_prueba (id_caso_prueba, id_artefacto, id_mapa_prueba, descripcion, resultado, tipo_prueba, cumple, fec_creacion, fec_edita, usuario_crea, usuario_edita, usuario_ejecuta, fec_ejecuta) VALUES (253, 2, 30, 'Iniciar proceso de grabación, cuando el usuario selecciona un archivo en blanco.', 'Ambiente:
1. Igual a la prueba número 1.
Entrada:
1. El usuario da clic en Administración/ Carga de Incrementos Automáticos.
2. El usuario da clic en Examinar. 
3. El usuario selecciona el archivo a cargar y da clic en Abrir.
4. El usuario da clic en Cargar.
5. El usuario da clic en Procesar.
Resultado:
1. El sistema muestra un mensaje Informado Debe el archivo plano se encuentra vacío. 
2. Verificar que el sistema no realice ninguna acción.', 12, NULL, '2014-03-10 08:02:33.873', NULL, 'admin', NULL, NULL, NULL);
INSERT INTO sgp_caso_prueba (id_caso_prueba, id_artefacto, id_mapa_prueba, descripcion, resultado, tipo_prueba, cumple, fec_creacion, fec_edita, usuario_crea, usuario_edita, usuario_ejecuta, fec_ejecuta) VALUES (254, 1, 30, 'Iniciar proceso de grabación, cuando el usuario selecciona un archivo con un formato diferente a txt.', 'Ambiente:
1. El usuario cuenta con el rol Grabación Automática de Ventas.
2. Existe un formulario para el cargue de incrementos.
3. El usuario se encuentra loqueado en el sistema.
Entrada:
1. El usuario da clic en Administración/ Carga de Incrementos Automáticos.
2. El usuario da clic en Examinar. 
3. El usuario selecciona el archivo a cargar y da clic en Abrir.
4. El usuario da clic en Cargar.
5. El usuario da clic en Procesar.
Resultado:
1. El sistema muestra un mensaje Informado El archivo debe de tener una extensión .txt. 
2. Verificar que el sistema no realice ninguna acción. ', 12, NULL, '2014-03-10 08:02:33.918', NULL, 'admin', NULL, NULL, NULL);
INSERT INTO sgp_caso_prueba (id_caso_prueba, id_artefacto, id_mapa_prueba, descripcion, resultado, tipo_prueba, cumple, fec_creacion, fec_edita, usuario_crea, usuario_edita, usuario_ejecuta, fec_ejecuta) VALUES (255, 2, 30, 'Iniciar proceso de grabación, cuando el usuario no cuenta con el rol Grabación Automáticas de Ventas. ', 'Ambiente:
1. El usuario cuenta con un rol diferente a Grabación Automáticas de Venta.
2. Existe un formulario para el cargue de incrementos.
3. El usuario se encuentra loqueado en el sistema.
Entrada:
1. El usuario da clic en Administración / Carga de Incrementos Automáticos.
Resultado:
1. El sistema muestra un mensaje Informado El usuario no tiene privilegios suficientes para ingresar al formulario.', 12, NULL, '2014-03-10 08:02:33.948', NULL, 'admin', NULL, NULL, NULL);
INSERT INTO sgp_caso_prueba (id_caso_prueba, id_artefacto, id_mapa_prueba, descripcion, resultado, tipo_prueba, cumple, fec_creacion, fec_edita, usuario_crea, usuario_edita, usuario_ejecuta, fec_ejecuta) VALUES (256, 28, 4, 'Iniciar proceso de grabación, cuando el usuario selecciona un archivo en blanco.', 'Ambiente:
1. El usuario cuenta con el rol Grabación Automática de Ventas.
2. Existe un formulario para el cargue de incrementos.
3. El usuario se encuentra loqueado en el sistema.
Entrada:
1. El usuario da clic en Administración/ Carga de Incrementos Automáticos.
2. El usuario da clic en Examinar. 
3. El usuario selecciona el archivo a cargar y da clic en Abrir.
4. El usuario da clic en Cargar.
5. El usuario da clic en Procesar.
Resultado:
1. El sistema muestra un mensaje Informado Debe el archivo plano se encuentra vacío. 
2. Verificar que el sistema no realice ninguna acción.', 12, NULL, '2014-03-10 08:02:33.99', NULL, 'admin', NULL, NULL, NULL);
INSERT INTO sgp_caso_prueba (id_caso_prueba, id_artefacto, id_mapa_prueba, descripcion, resultado, tipo_prueba, cumple, fec_creacion, fec_edita, usuario_crea, usuario_edita, usuario_ejecuta, fec_ejecuta) VALUES (257, 28, 4, 'Iniciar proceso de grabación, cuando el usuario selecciona un archivo con un formato diferente a txt.', 'Ambiente:
1. El usuario cuenta con el rol Grabación Automática de Ventas.
2. Existe un formulario para el cargue de incrementos.
3. El usuario se encuentra loqueado en el sistema.
Entrada:
1. El usuario da clic en Administración/ Carga de Incrementos Automáticos.
2. El usuario da clic en Examinar. 
3. El usuario selecciona el archivo a cargar y da clic en Abrir.
4. El usuario da clic en Cargar.
5. El usuario da clic en Procesar.
Resultado:
1. El sistema muestra un mensaje Informado El archivo debe de tener una extensión .txt. 
2. Verificar que el sistema no realice ninguna acción. ', 12, NULL, '2014-03-10 08:02:34.024', NULL, 'admin', NULL, NULL, NULL);
INSERT INTO sgp_caso_prueba (id_caso_prueba, id_artefacto, id_mapa_prueba, descripcion, resultado, tipo_prueba, cumple, fec_creacion, fec_edita, usuario_crea, usuario_edita, usuario_ejecuta, fec_ejecuta) VALUES (266, 1, 30, 'Subir Archivo Plano cuando el usuario cuenta con el rol Grabación Automáticas de Ventas.', 'Ambiente:
1. El usuario cuenta con el rol Grabación Automática de Ventas.
2. Existe un formulario para el cargue de incrementos.
3. El usuario se encuentra loqueado en el sistema.
Entrada:
1. El usuario da clic en Administración/ Carga de Incrementos Automáticos.
2. El usuario da clic en Examinar. 
3. El usuario selecciona el archivo a cargar y da clic en Abrir.
4. El usuario da clic en Cargar.
Resultado:
1. Verificar que el archivo se cargue en el sistema.', 12, NULL, '2014-03-10 16:24:42.033', NULL, 'anonymousUser', NULL, NULL, NULL);
INSERT INTO sgp_caso_prueba (id_caso_prueba, id_artefacto, id_mapa_prueba, descripcion, resultado, tipo_prueba, cumple, fec_creacion, fec_edita, usuario_crea, usuario_edita, usuario_ejecuta, fec_ejecuta) VALUES (267, 2, 30, 'Subir Archivo Plano, cuando el archivo tiene una extensión diferente a txt.', 'Ambiente:
1. El usuario cuenta con el rol Grabación Automática de Ventas.
2. Existe un formulario para el cargue de incrementos.
3. El usuario se encuentra loqueado en el sistema.
Entrada:
1. El usuario da clic en Administración/ Carga de Incrementos Automáticos.
2. El usuario da clic en Examinar. 
3. El usuario selecciona el archivo a cargar y da clic en Abrir.
4. El usuario da clic en Cargar.
Resultado:
1. El sistema muestra un mensaje informado que la extensión del archivo debe de ser txt.', 12, NULL, '2014-03-10 16:24:42.156', NULL, 'anonymousUser', NULL, NULL, NULL);
INSERT INTO sgp_caso_prueba (id_caso_prueba, id_artefacto, id_mapa_prueba, descripcion, resultado, tipo_prueba, cumple, fec_creacion, fec_edita, usuario_crea, usuario_edita, usuario_ejecuta, fec_ejecuta) VALUES (268, 1, 30, 'Subir Archivo Plano, cuando este se encuentra en blanco.', 'Ambiente:
1. El usuario cuenta con el rol Grabación Automática de Ventas.
2. Existe un formulario para el cargue de incrementos.
3. El usuario se encuentra loqueado en el sistema.
Entrada:
1. El usuario da clic en Administración/ Carga de Incrementos Automáticos.
2. El usuario da clic en Examinar. 
3. El usuario selecciona el archivo a cargar y da clic en Abrir.
4. El usuario da clic en Cargar.
Resultado:
1. El sistema muestra un mensaje informado que el archivo se encuentra vacío.', 12, NULL, '2014-03-10 16:24:42.219', NULL, 'anonymousUser', NULL, NULL, NULL);
INSERT INTO sgp_caso_prueba (id_caso_prueba, id_artefacto, id_mapa_prueba, descripcion, resultado, tipo_prueba, cumple, fec_creacion, fec_edita, usuario_crea, usuario_edita, usuario_ejecuta, fec_ejecuta) VALUES (269, 2, 30, 'Iniciar proceso de grabación, cuando el usuario cuenta con el perfil Grabación Automáticas de Ventas. ', 'Ambiente:
1. El usuario cuenta con el rol Grabación Automática de Ventas.
2. Existe un formulario para el cargue de incrementos.
3. El usuario se encuentra loqueado en el sistema.
Entrada:
1. El usuario da clic en Administración/ Carga de Incrementos Automáticos.
2. El usuario da clic en Examinar. 
3. El usuario selecciona el archivo a cargar y da clic en Abrir.
4. El usuario da clic en Cargar.
5. El usuario da clic en Procesar.
Resultado:
1. Verificar que el sistema muestre un mensaje informado El proceso se realizo correctamente.
2. Verificar que el sistema muestre un log con los errores encontrados.
3. Verificar que este log de errores se pueda exporta y guardar a Excel.
4. Verificar que el sistema muestre un reporte con los casos guardados de forma efectiva adicionándole el número de solicitud con el cual fue grabado y el estado de dicha solicitud.
5. Verificar que este reporte se pueda exportar y guardar a Excel', 12, NULL, '2014-03-10 16:24:42.299', NULL, 'anonymousUser', NULL, NULL, NULL);
INSERT INTO sgp_caso_prueba (id_caso_prueba, id_artefacto, id_mapa_prueba, descripcion, resultado, tipo_prueba, cumple, fec_creacion, fec_edita, usuario_crea, usuario_edita, usuario_ejecuta, fec_ejecuta) VALUES (270, 1, 30, 'Iniciar proceso de grabación, cuando el usuario no a cargado un archivo previamente.', 'Ambiente:
1. El usuario cuenta con el rol Grabación Automática de Ventas.
2. Existe un formulario para el cargue de incrementos.
3. El usuario se encuentra loqueado en el sistema.
Entrada:
1. El usuario da clic en Administración / Carga de Incrementos Automáticos.
2. El usuario da clic en Procesar.
Resultado:
1. El sistema muestra un mensaje Informado Debe de carga un archivo, para poder procesarlo. 
2. Verificar que el sistema no realice ninguna acción.', 12, NULL, '2014-03-10 16:24:42.349', NULL, 'anonymousUser', NULL, NULL, NULL);
INSERT INTO sgp_caso_prueba (id_caso_prueba, id_artefacto, id_mapa_prueba, descripcion, resultado, tipo_prueba, cumple, fec_creacion, fec_edita, usuario_crea, usuario_edita, usuario_ejecuta, fec_ejecuta) VALUES (271, 2, 30, 'Iniciar proceso de grabación, cuando el usuario selecciona un archivo en blanco.', 'Ambiente:
1. Igual a la prueba número 1.
Entrada:
1. El usuario da clic en Administración/ Carga de Incrementos Automáticos.
2. El usuario da clic en Examinar. 
3. El usuario selecciona el archivo a cargar y da clic en Abrir.
4. El usuario da clic en Cargar.
5. El usuario da clic en Procesar.
Resultado:
1. El sistema muestra un mensaje Informado Debe el archivo plano se encuentra vacío. 
2. Verificar que el sistema no realice ninguna acción.', 12, NULL, '2014-03-10 16:24:42.4', NULL, 'anonymousUser', NULL, NULL, NULL);
INSERT INTO sgp_caso_prueba (id_caso_prueba, id_artefacto, id_mapa_prueba, descripcion, resultado, tipo_prueba, cumple, fec_creacion, fec_edita, usuario_crea, usuario_edita, usuario_ejecuta, fec_ejecuta) VALUES (272, 1, 30, 'Iniciar proceso de grabación, cuando el usuario selecciona un archivo con un formato diferente a txt.', 'Ambiente:
1. El usuario cuenta con el rol Grabación Automática de Ventas.
2. Existe un formulario para el cargue de incrementos.
3. El usuario se encuentra loqueado en el sistema.
Entrada:
1. El usuario da clic en Administración/ Carga de Incrementos Automáticos.
2. El usuario da clic en Examinar. 
3. El usuario selecciona el archivo a cargar y da clic en Abrir.
4. El usuario da clic en Cargar.
5. El usuario da clic en Procesar.
Resultado:
1. El sistema muestra un mensaje Informado El archivo debe de tener una extensión .txt. 
2. Verificar que el sistema no realice ninguna acción. ', 12, NULL, '2014-03-10 16:24:42.432', NULL, 'anonymousUser', NULL, NULL, NULL);
INSERT INTO sgp_caso_prueba (id_caso_prueba, id_artefacto, id_mapa_prueba, descripcion, resultado, tipo_prueba, cumple, fec_creacion, fec_edita, usuario_crea, usuario_edita, usuario_ejecuta, fec_ejecuta) VALUES (273, 2, 30, 'Iniciar proceso de grabación, cuando el usuario no cuenta con el rol Grabación Automáticas de Ventas. ', 'Ambiente:
1. El usuario cuenta con un rol diferente a Grabación Automáticas de Venta.
2. Existe un formulario para el cargue de incrementos.
3. El usuario se encuentra loqueado en el sistema.
Entrada:
1. El usuario da clic en Administración / Carga de Incrementos Automáticos.
Resultado:
1. El sistema muestra un mensaje Informado El usuario no tiene privilegios suficientes para ingresar al formulario.', 12, NULL, '2014-03-10 16:24:42.509', NULL, 'anonymousUser', NULL, NULL, NULL);
INSERT INTO sgp_caso_prueba (id_caso_prueba, id_artefacto, id_mapa_prueba, descripcion, resultado, tipo_prueba, cumple, fec_creacion, fec_edita, usuario_crea, usuario_edita, usuario_ejecuta, fec_ejecuta) VALUES (274, 28, 30, 'Iniciar proceso de grabación, cuando el usuario selecciona un archivo en blanco.', 'Ambiente:
1. El usuario cuenta con el rol Grabación Automática de Ventas.
2. Existe un formulario para el cargue de incrementos.
3. El usuario se encuentra loqueado en el sistema.
Entrada:
1. El usuario da clic en Administración/ Carga de Incrementos Automáticos.
2. El usuario da clic en Examinar. 
3. El usuario selecciona el archivo a cargar y da clic en Abrir.
4. El usuario da clic en Cargar.
5. El usuario da clic en Procesar.
Resultado:
1. El sistema muestra un mensaje Informado Debe el archivo plano se encuentra vacío. 
2. Verificar que el sistema no realice ninguna acción.', 12, NULL, '2014-03-10 16:24:42.559', NULL, 'anonymousUser', NULL, NULL, NULL);
INSERT INTO sgp_caso_prueba (id_caso_prueba, id_artefacto, id_mapa_prueba, descripcion, resultado, tipo_prueba, cumple, fec_creacion, fec_edita, usuario_crea, usuario_edita, usuario_ejecuta, fec_ejecuta) VALUES (275, 28, 30, 'Iniciar proceso de grabación, cuando el usuario selecciona un archivo con un formato diferente a txt.', 'Ambiente:
1. El usuario cuenta con el rol Grabación Automática de Ventas.
2. Existe un formulario para el cargue de incrementos.
3. El usuario se encuentra loqueado en el sistema.
Entrada:
1. El usuario da clic en Administración/ Carga de Incrementos Automáticos.
2. El usuario da clic en Examinar. 
3. El usuario selecciona el archivo a cargar y da clic en Abrir.
4. El usuario da clic en Cargar.
5. El usuario da clic en Procesar.
Resultado:
1. El sistema muestra un mensaje Informado El archivo debe de tener una extensión .txt. 
2. Verificar que el sistema no realice ninguna acción. ', 12, NULL, '2014-03-10 16:24:42.619', NULL, 'anonymousUser', NULL, NULL, NULL);
INSERT INTO sgp_caso_prueba (id_caso_prueba, id_artefacto, id_mapa_prueba, descripcion, resultado, tipo_prueba, cumple, fec_creacion, fec_edita, usuario_crea, usuario_edita, usuario_ejecuta, fec_ejecuta) VALUES (276, 1, 30, 'Subir Archivo Plano cuando el usuario cuenta con el rol Grabación Automáticas de Ventas.', 'Ambiente:
1. El usuario cuenta con el rol Grabación Automática de Ventas.
2. Existe un formulario para el cargue de incrementos.
3. El usuario se encuentra loqueado en el sistema.
Entrada:
1. El usuario da clic en Administración/ Carga de Incrementos Automáticos.
2. El usuario da clic en Examinar. 
3. El usuario selecciona el archivo a cargar y da clic en Abrir.
4. El usuario da clic en Cargar.
Resultado:
1. Verificar que el archivo se cargue en el sistema.', 12, NULL, '2014-03-10 16:25:47.958', NULL, 'anonymousUser', NULL, NULL, NULL);
INSERT INTO sgp_caso_prueba (id_caso_prueba, id_artefacto, id_mapa_prueba, descripcion, resultado, tipo_prueba, cumple, fec_creacion, fec_edita, usuario_crea, usuario_edita, usuario_ejecuta, fec_ejecuta) VALUES (277, 2, 30, 'Subir Archivo Plano, cuando el archivo tiene una extensión diferente a txt.', 'Ambiente:
1. El usuario cuenta con el rol Grabación Automática de Ventas.
2. Existe un formulario para el cargue de incrementos.
3. El usuario se encuentra loqueado en el sistema.
Entrada:
1. El usuario da clic en Administración/ Carga de Incrementos Automáticos.
2. El usuario da clic en Examinar. 
3. El usuario selecciona el archivo a cargar y da clic en Abrir.
4. El usuario da clic en Cargar.
Resultado:
1. El sistema muestra un mensaje informado que la extensión del archivo debe de ser txt.', 12, NULL, '2014-03-10 16:25:48.037', NULL, 'anonymousUser', NULL, NULL, NULL);
INSERT INTO sgp_caso_prueba (id_caso_prueba, id_artefacto, id_mapa_prueba, descripcion, resultado, tipo_prueba, cumple, fec_creacion, fec_edita, usuario_crea, usuario_edita, usuario_ejecuta, fec_ejecuta) VALUES (278, 1, 30, 'Subir Archivo Plano, cuando este se encuentra en blanco.', 'Ambiente:
1. El usuario cuenta con el rol Grabación Automática de Ventas.
2. Existe un formulario para el cargue de incrementos.
3. El usuario se encuentra loqueado en el sistema.
Entrada:
1. El usuario da clic en Administración/ Carga de Incrementos Automáticos.
2. El usuario da clic en Examinar. 
3. El usuario selecciona el archivo a cargar y da clic en Abrir.
4. El usuario da clic en Cargar.
Resultado:
1. El sistema muestra un mensaje informado que el archivo se encuentra vacío.', 12, NULL, '2014-03-10 16:25:48.108', NULL, 'anonymousUser', NULL, NULL, NULL);
INSERT INTO sgp_caso_prueba (id_caso_prueba, id_artefacto, id_mapa_prueba, descripcion, resultado, tipo_prueba, cumple, fec_creacion, fec_edita, usuario_crea, usuario_edita, usuario_ejecuta, fec_ejecuta) VALUES (279, 2, 30, 'Iniciar proceso de grabación, cuando el usuario cuenta con el perfil Grabación Automáticas de Ventas. ', 'Ambiente:
1. El usuario cuenta con el rol Grabación Automática de Ventas.
2. Existe un formulario para el cargue de incrementos.
3. El usuario se encuentra loqueado en el sistema.
Entrada:
1. El usuario da clic en Administración/ Carga de Incrementos Automáticos.
2. El usuario da clic en Examinar. 
3. El usuario selecciona el archivo a cargar y da clic en Abrir.
4. El usuario da clic en Cargar.
5. El usuario da clic en Procesar.
Resultado:
1. Verificar que el sistema muestre un mensaje informado El proceso se realizo correctamente.
2. Verificar que el sistema muestre un log con los errores encontrados.
3. Verificar que este log de errores se pueda exporta y guardar a Excel.
4. Verificar que el sistema muestre un reporte con los casos guardados de forma efectiva adicionándole el número de solicitud con el cual fue grabado y el estado de dicha solicitud.
5. Verificar que este reporte se pueda exportar y guardar a Excel', 12, NULL, '2014-03-10 16:25:48.19', NULL, 'anonymousUser', NULL, NULL, NULL);
INSERT INTO sgp_caso_prueba (id_caso_prueba, id_artefacto, id_mapa_prueba, descripcion, resultado, tipo_prueba, cumple, fec_creacion, fec_edita, usuario_crea, usuario_edita, usuario_ejecuta, fec_ejecuta) VALUES (280, 1, 30, 'Iniciar proceso de grabación, cuando el usuario no a cargado un archivo previamente.', 'Ambiente:
1. El usuario cuenta con el rol Grabación Automática de Ventas.
2. Existe un formulario para el cargue de incrementos.
3. El usuario se encuentra loqueado en el sistema.
Entrada:
1. El usuario da clic en Administración / Carga de Incrementos Automáticos.
2. El usuario da clic en Procesar.
Resultado:
1. El sistema muestra un mensaje Informado Debe de carga un archivo, para poder procesarlo. 
2. Verificar que el sistema no realice ninguna acción.', 12, NULL, '2014-03-10 16:25:48.259', NULL, 'anonymousUser', NULL, NULL, NULL);
INSERT INTO sgp_caso_prueba (id_caso_prueba, id_artefacto, id_mapa_prueba, descripcion, resultado, tipo_prueba, cumple, fec_creacion, fec_edita, usuario_crea, usuario_edita, usuario_ejecuta, fec_ejecuta) VALUES (281, 2, 30, 'Iniciar proceso de grabación, cuando el usuario selecciona un archivo en blanco.', 'Ambiente:
1. Igual a la prueba número 1.
Entrada:
1. El usuario da clic en Administración/ Carga de Incrementos Automáticos.
2. El usuario da clic en Examinar. 
3. El usuario selecciona el archivo a cargar y da clic en Abrir.
4. El usuario da clic en Cargar.
5. El usuario da clic en Procesar.
Resultado:
1. El sistema muestra un mensaje Informado Debe el archivo plano se encuentra vacío. 
2. Verificar que el sistema no realice ninguna acción.', 12, NULL, '2014-03-10 16:25:48.308', NULL, 'anonymousUser', NULL, NULL, NULL);
INSERT INTO sgp_caso_prueba (id_caso_prueba, id_artefacto, id_mapa_prueba, descripcion, resultado, tipo_prueba, cumple, fec_creacion, fec_edita, usuario_crea, usuario_edita, usuario_ejecuta, fec_ejecuta) VALUES (282, 1, 30, 'Iniciar proceso de grabación, cuando el usuario selecciona un archivo con un formato diferente a txt.', 'Ambiente:
1. El usuario cuenta con el rol Grabación Automática de Ventas.
2. Existe un formulario para el cargue de incrementos.
3. El usuario se encuentra loqueado en el sistema.
Entrada:
1. El usuario da clic en Administración/ Carga de Incrementos Automáticos.
2. El usuario da clic en Examinar. 
3. El usuario selecciona el archivo a cargar y da clic en Abrir.
4. El usuario da clic en Cargar.
5. El usuario da clic en Procesar.
Resultado:
1. El sistema muestra un mensaje Informado El archivo debe de tener una extensión .txt. 
2. Verificar que el sistema no realice ninguna acción. ', 12, NULL, '2014-03-10 16:25:48.358', NULL, 'anonymousUser', NULL, NULL, NULL);
INSERT INTO sgp_caso_prueba (id_caso_prueba, id_artefacto, id_mapa_prueba, descripcion, resultado, tipo_prueba, cumple, fec_creacion, fec_edita, usuario_crea, usuario_edita, usuario_ejecuta, fec_ejecuta) VALUES (283, 2, 30, 'Iniciar proceso de grabación, cuando el usuario no cuenta con el rol Grabación Automáticas de Ventas. ', 'Ambiente:
1. El usuario cuenta con un rol diferente a Grabación Automáticas de Venta.
2. Existe un formulario para el cargue de incrementos.
3. El usuario se encuentra loqueado en el sistema.
Entrada:
1. El usuario da clic en Administración / Carga de Incrementos Automáticos.
Resultado:
1. El sistema muestra un mensaje Informado El usuario no tiene privilegios suficientes para ingresar al formulario.', 12, NULL, '2014-03-10 16:25:48.418', NULL, 'anonymousUser', NULL, NULL, NULL);
INSERT INTO sgp_caso_prueba (id_caso_prueba, id_artefacto, id_mapa_prueba, descripcion, resultado, tipo_prueba, cumple, fec_creacion, fec_edita, usuario_crea, usuario_edita, usuario_ejecuta, fec_ejecuta) VALUES (284, 28, 30, 'Iniciar proceso de grabación, cuando el usuario selecciona un archivo en blanco.', 'Ambiente:
1. El usuario cuenta con el rol Grabación Automática de Ventas.
2. Existe un formulario para el cargue de incrementos.
3. El usuario se encuentra loqueado en el sistema.
Entrada:
1. El usuario da clic en Administración/ Carga de Incrementos Automáticos.
2. El usuario da clic en Examinar. 
3. El usuario selecciona el archivo a cargar y da clic en Abrir.
4. El usuario da clic en Cargar.
5. El usuario da clic en Procesar.
Resultado:
1. El sistema muestra un mensaje Informado Debe el archivo plano se encuentra vacío. 
2. Verificar que el sistema no realice ninguna acción.', 12, NULL, '2014-03-10 16:25:48.488', NULL, 'anonymousUser', NULL, NULL, NULL);
INSERT INTO sgp_caso_prueba (id_caso_prueba, id_artefacto, id_mapa_prueba, descripcion, resultado, tipo_prueba, cumple, fec_creacion, fec_edita, usuario_crea, usuario_edita, usuario_ejecuta, fec_ejecuta) VALUES (285, 28, 30, 'Iniciar proceso de grabación, cuando el usuario selecciona un archivo con un formato diferente a txt.', 'Ambiente:
1. El usuario cuenta con el rol Grabación Automática de Ventas.
2. Existe un formulario para el cargue de incrementos.
3. El usuario se encuentra loqueado en el sistema.
Entrada:
1. El usuario da clic en Administración/ Carga de Incrementos Automáticos.
2. El usuario da clic en Examinar. 
3. El usuario selecciona el archivo a cargar y da clic en Abrir.
4. El usuario da clic en Cargar.
5. El usuario da clic en Procesar.
Resultado:
1. El sistema muestra un mensaje Informado El archivo debe de tener una extensión .txt. 
2. Verificar que el sistema no realice ninguna acción. ', 12, NULL, '2014-03-10 16:25:48.521', NULL, 'anonymousUser', NULL, NULL, NULL);
INSERT INTO sgp_caso_prueba (id_caso_prueba, id_artefacto, id_mapa_prueba, descripcion, resultado, tipo_prueba, cumple, fec_creacion, fec_edita, usuario_crea, usuario_edita, usuario_ejecuta, fec_ejecuta) VALUES (286, 1, 30, 'Subir Archivo Plano cuando el usuario cuenta con el rol Grabación Automáticas de Ventas.', 'Ambiente:
1. El usuario cuenta con el rol Grabación Automática de Ventas.
2. Existe un formulario para el cargue de incrementos.
3. El usuario se encuentra loqueado en el sistema.
Entrada:
1. El usuario da clic en Administración/ Carga de Incrementos Automáticos.
2. El usuario da clic en Examinar. 
3. El usuario selecciona el archivo a cargar y da clic en Abrir.
4. El usuario da clic en Cargar.
Resultado:
1. Verificar que el archivo se cargue en el sistema.', 12, NULL, '2014-03-10 16:27:23.381', NULL, 'anonymousUser', NULL, NULL, NULL);
INSERT INTO sgp_caso_prueba (id_caso_prueba, id_artefacto, id_mapa_prueba, descripcion, resultado, tipo_prueba, cumple, fec_creacion, fec_edita, usuario_crea, usuario_edita, usuario_ejecuta, fec_ejecuta) VALUES (287, 2, 30, 'Subir Archivo Plano, cuando el archivo tiene una extensión diferente a txt.', 'Ambiente:
1. El usuario cuenta con el rol Grabación Automática de Ventas.
2. Existe un formulario para el cargue de incrementos.
3. El usuario se encuentra loqueado en el sistema.
Entrada:
1. El usuario da clic en Administración/ Carga de Incrementos Automáticos.
2. El usuario da clic en Examinar. 
3. El usuario selecciona el archivo a cargar y da clic en Abrir.
4. El usuario da clic en Cargar.
Resultado:
1. El sistema muestra un mensaje informado que la extensión del archivo debe de ser txt.', 12, NULL, '2014-03-10 16:27:23.457', NULL, 'anonymousUser', NULL, NULL, NULL);
INSERT INTO sgp_caso_prueba (id_caso_prueba, id_artefacto, id_mapa_prueba, descripcion, resultado, tipo_prueba, cumple, fec_creacion, fec_edita, usuario_crea, usuario_edita, usuario_ejecuta, fec_ejecuta) VALUES (288, 1, 30, 'Subir Archivo Plano, cuando este se encuentra en blanco.', 'Ambiente:
1. El usuario cuenta con el rol Grabación Automática de Ventas.
2. Existe un formulario para el cargue de incrementos.
3. El usuario se encuentra loqueado en el sistema.
Entrada:
1. El usuario da clic en Administración/ Carga de Incrementos Automáticos.
2. El usuario da clic en Examinar. 
3. El usuario selecciona el archivo a cargar y da clic en Abrir.
4. El usuario da clic en Cargar.
Resultado:
1. El sistema muestra un mensaje informado que el archivo se encuentra vacío.', 12, NULL, '2014-03-10 16:27:23.539', NULL, 'anonymousUser', NULL, NULL, NULL);
INSERT INTO sgp_caso_prueba (id_caso_prueba, id_artefacto, id_mapa_prueba, descripcion, resultado, tipo_prueba, cumple, fec_creacion, fec_edita, usuario_crea, usuario_edita, usuario_ejecuta, fec_ejecuta) VALUES (289, 2, 30, 'Iniciar proceso de grabación, cuando el usuario cuenta con el perfil Grabación Automáticas de Ventas. ', 'Ambiente:
1. El usuario cuenta con el rol Grabación Automática de Ventas.
2. Existe un formulario para el cargue de incrementos.
3. El usuario se encuentra loqueado en el sistema.
Entrada:
1. El usuario da clic en Administración/ Carga de Incrementos Automáticos.
2. El usuario da clic en Examinar. 
3. El usuario selecciona el archivo a cargar y da clic en Abrir.
4. El usuario da clic en Cargar.
5. El usuario da clic en Procesar.
Resultado:
1. Verificar que el sistema muestre un mensaje informado El proceso se realizo correctamente.
2. Verificar que el sistema muestre un log con los errores encontrados.
3. Verificar que este log de errores se pueda exporta y guardar a Excel.
4. Verificar que el sistema muestre un reporte con los casos guardados de forma efectiva adicionándole el número de solicitud con el cual fue grabado y el estado de dicha solicitud.
5. Verificar que este reporte se pueda exportar y guardar a Excel', 12, NULL, '2014-03-10 16:27:23.588', NULL, 'anonymousUser', NULL, NULL, NULL);
INSERT INTO sgp_caso_prueba (id_caso_prueba, id_artefacto, id_mapa_prueba, descripcion, resultado, tipo_prueba, cumple, fec_creacion, fec_edita, usuario_crea, usuario_edita, usuario_ejecuta, fec_ejecuta) VALUES (290, 1, 30, 'Iniciar proceso de grabación, cuando el usuario no a cargado un archivo previamente.', 'Ambiente:
1. El usuario cuenta con el rol Grabación Automática de Ventas.
2. Existe un formulario para el cargue de incrementos.
3. El usuario se encuentra loqueado en el sistema.
Entrada:
1. El usuario da clic en Administración / Carga de Incrementos Automáticos.
2. El usuario da clic en Procesar.
Resultado:
1. El sistema muestra un mensaje Informado Debe de carga un archivo, para poder procesarlo. 
2. Verificar que el sistema no realice ninguna acción.', 12, NULL, '2014-03-10 16:27:23.668', NULL, 'anonymousUser', NULL, NULL, NULL);
INSERT INTO sgp_caso_prueba (id_caso_prueba, id_artefacto, id_mapa_prueba, descripcion, resultado, tipo_prueba, cumple, fec_creacion, fec_edita, usuario_crea, usuario_edita, usuario_ejecuta, fec_ejecuta) VALUES (291, 2, 30, 'Iniciar proceso de grabación, cuando el usuario selecciona un archivo en blanco.', 'Ambiente:
1. Igual a la prueba número 1.
Entrada:
1. El usuario da clic en Administración/ Carga de Incrementos Automáticos.
2. El usuario da clic en Examinar. 
3. El usuario selecciona el archivo a cargar y da clic en Abrir.
4. El usuario da clic en Cargar.
5. El usuario da clic en Procesar.
Resultado:
1. El sistema muestra un mensaje Informado Debe el archivo plano se encuentra vacío. 
2. Verificar que el sistema no realice ninguna acción.', 12, NULL, '2014-03-10 16:27:23.726', NULL, 'anonymousUser', NULL, NULL, NULL);
INSERT INTO sgp_caso_prueba (id_caso_prueba, id_artefacto, id_mapa_prueba, descripcion, resultado, tipo_prueba, cumple, fec_creacion, fec_edita, usuario_crea, usuario_edita, usuario_ejecuta, fec_ejecuta) VALUES (292, 1, 30, 'Iniciar proceso de grabación, cuando el usuario selecciona un archivo con un formato diferente a txt.', 'Ambiente:
1. El usuario cuenta con el rol Grabación Automática de Ventas.
2. Existe un formulario para el cargue de incrementos.
3. El usuario se encuentra loqueado en el sistema.
Entrada:
1. El usuario da clic en Administración/ Carga de Incrementos Automáticos.
2. El usuario da clic en Examinar. 
3. El usuario selecciona el archivo a cargar y da clic en Abrir.
4. El usuario da clic en Cargar.
5. El usuario da clic en Procesar.
Resultado:
1. El sistema muestra un mensaje Informado El archivo debe de tener una extensión .txt. 
2. Verificar que el sistema no realice ninguna acción. ', 12, NULL, '2014-03-10 16:27:23.789', NULL, 'anonymousUser', NULL, NULL, NULL);
INSERT INTO sgp_caso_prueba (id_caso_prueba, id_artefacto, id_mapa_prueba, descripcion, resultado, tipo_prueba, cumple, fec_creacion, fec_edita, usuario_crea, usuario_edita, usuario_ejecuta, fec_ejecuta) VALUES (293, 2, 30, 'Iniciar proceso de grabación, cuando el usuario no cuenta con el rol Grabación Automáticas de Ventas. ', 'Ambiente:
1. El usuario cuenta con un rol diferente a Grabación Automáticas de Venta.
2. Existe un formulario para el cargue de incrementos.
3. El usuario se encuentra loqueado en el sistema.
Entrada:
1. El usuario da clic en Administración / Carga de Incrementos Automáticos.
Resultado:
1. El sistema muestra un mensaje Informado El usuario no tiene privilegios suficientes para ingresar al formulario.', 12, NULL, '2014-03-10 16:27:23.858', NULL, 'anonymousUser', NULL, NULL, NULL);
INSERT INTO sgp_caso_prueba (id_caso_prueba, id_artefacto, id_mapa_prueba, descripcion, resultado, tipo_prueba, cumple, fec_creacion, fec_edita, usuario_crea, usuario_edita, usuario_ejecuta, fec_ejecuta) VALUES (294, 28, 30, 'Iniciar proceso de grabación, cuando el usuario selecciona un archivo en blanco.', 'Ambiente:
1. El usuario cuenta con el rol Grabación Automática de Ventas.
2. Existe un formulario para el cargue de incrementos.
3. El usuario se encuentra loqueado en el sistema.
Entrada:
1. El usuario da clic en Administración/ Carga de Incrementos Automáticos.
2. El usuario da clic en Examinar. 
3. El usuario selecciona el archivo a cargar y da clic en Abrir.
4. El usuario da clic en Cargar.
5. El usuario da clic en Procesar.
Resultado:
1. El sistema muestra un mensaje Informado Debe el archivo plano se encuentra vacío. 
2. Verificar que el sistema no realice ninguna acción.', 12, NULL, '2014-03-10 16:27:23.928', NULL, 'anonymousUser', NULL, NULL, NULL);
INSERT INTO sgp_caso_prueba (id_caso_prueba, id_artefacto, id_mapa_prueba, descripcion, resultado, tipo_prueba, cumple, fec_creacion, fec_edita, usuario_crea, usuario_edita, usuario_ejecuta, fec_ejecuta) VALUES (295, 28, 30, 'Iniciar proceso de grabación, cuando el usuario selecciona un archivo con un formato diferente a txt.', 'Ambiente:
1. El usuario cuenta con el rol Grabación Automática de Ventas.
2. Existe un formulario para el cargue de incrementos.
3. El usuario se encuentra loqueado en el sistema.
Entrada:
1. El usuario da clic en Administración/ Carga de Incrementos Automáticos.
2. El usuario da clic en Examinar. 
3. El usuario selecciona el archivo a cargar y da clic en Abrir.
4. El usuario da clic en Cargar.
5. El usuario da clic en Procesar.
Resultado:
1. El sistema muestra un mensaje Informado El archivo debe de tener una extensión .txt. 
2. Verificar que el sistema no realice ninguna acción. ', 12, NULL, '2014-03-10 16:27:23.999', NULL, 'anonymousUser', NULL, NULL, NULL);
INSERT INTO sgp_caso_prueba (id_caso_prueba, id_artefacto, id_mapa_prueba, descripcion, resultado, tipo_prueba, cumple, fec_creacion, fec_edita, usuario_crea, usuario_edita, usuario_ejecuta, fec_ejecuta) VALUES (335, 28, 30, 'Iniciar proceso de grabación, cuando el usuario selecciona un archivo con un formato diferente a txt.', 'Ambiente:
1. El usuario cuenta con el rol Grabación Automática de Ventas.
2. Existe un formulario para el cargue de incrementos.
3. El usuario se encuentra loqueado en el sistema.
Entrada:
1. El usuario da clic en Administración/ Carga de Incrementos Automáticos.
2. El usuario da clic en Examinar. 
3. El usuario selecciona el archivo a cargar y da clic en Abrir.
4. El usuario da clic en Cargar.
5. El usuario da clic en Procesar.
Resultado:
1. El sistema muestra un mensaje Informado El archivo debe de tener una extensión .txt. 
2. Verificar que el sistema no realice ninguna acción. ', 12, NULL, '2014-03-10 18:30:27.8', NULL, 'admin', NULL, NULL, NULL);
INSERT INTO sgp_caso_prueba (id_caso_prueba, id_artefacto, id_mapa_prueba, descripcion, resultado, tipo_prueba, cumple, fec_creacion, fec_edita, usuario_crea, usuario_edita, usuario_ejecuta, fec_ejecuta) VALUES (28, 29, 5, '				gg					', '									gg', 12, NULL, '2014-02-26 09:29:38.955', NULL, 'anonymousUser', NULL, 'anonymousUser', '2014-03-05 19:24:28.891');
INSERT INTO sgp_caso_prueba (id_caso_prueba, id_artefacto, id_mapa_prueba, descripcion, resultado, tipo_prueba, cumple, fec_creacion, fec_edita, usuario_crea, usuario_edita, usuario_ejecuta, fec_ejecuta) VALUES (296, 1, 30, 'Subir Archivo Plano cuando el usuario cuenta con el rol Grabación Automáticas de Ventas.', 'Ambiente:
1. El usuario cuenta con el rol Grabación Automática de Ventas.
2. Existe un formulario para el cargue de incrementos.
3. El usuario se encuentra loqueado en el sistema.
Entrada:
1. El usuario da clic en Administración/ Carga de Incrementos Automáticos.
2. El usuario da clic en Examinar. 
3. El usuario selecciona el archivo a cargar y da clic en Abrir.
4. El usuario da clic en Cargar.
Resultado:
1. Verificar que el archivo se cargue en el sistema.', 12, NULL, '2014-03-10 16:30:18.037', NULL, 'anonymousUser', NULL, NULL, NULL);
INSERT INTO sgp_caso_prueba (id_caso_prueba, id_artefacto, id_mapa_prueba, descripcion, resultado, tipo_prueba, cumple, fec_creacion, fec_edita, usuario_crea, usuario_edita, usuario_ejecuta, fec_ejecuta) VALUES (297, 2, 30, 'Subir Archivo Plano, cuando el archivo tiene una extensión diferente a txt.', 'Ambiente:
1. El usuario cuenta con el rol Grabación Automática de Ventas.
2. Existe un formulario para el cargue de incrementos.
3. El usuario se encuentra loqueado en el sistema.
Entrada:
1. El usuario da clic en Administración/ Carga de Incrementos Automáticos.
2. El usuario da clic en Examinar. 
3. El usuario selecciona el archivo a cargar y da clic en Abrir.
4. El usuario da clic en Cargar.
Resultado:
1. El sistema muestra un mensaje informado que la extensión del archivo debe de ser txt.', 12, NULL, '2014-03-10 16:30:18.125', NULL, 'anonymousUser', NULL, NULL, NULL);
INSERT INTO sgp_caso_prueba (id_caso_prueba, id_artefacto, id_mapa_prueba, descripcion, resultado, tipo_prueba, cumple, fec_creacion, fec_edita, usuario_crea, usuario_edita, usuario_ejecuta, fec_ejecuta) VALUES (298, 1, 30, 'Subir Archivo Plano, cuando este se encuentra en blanco.', 'Ambiente:
1. El usuario cuenta con el rol Grabación Automática de Ventas.
2. Existe un formulario para el cargue de incrementos.
3. El usuario se encuentra loqueado en el sistema.
Entrada:
1. El usuario da clic en Administración/ Carga de Incrementos Automáticos.
2. El usuario da clic en Examinar. 
3. El usuario selecciona el archivo a cargar y da clic en Abrir.
4. El usuario da clic en Cargar.
Resultado:
1. El sistema muestra un mensaje informado que el archivo se encuentra vacío.', 12, NULL, '2014-03-10 16:30:18.153', NULL, 'anonymousUser', NULL, NULL, NULL);
INSERT INTO sgp_caso_prueba (id_caso_prueba, id_artefacto, id_mapa_prueba, descripcion, resultado, tipo_prueba, cumple, fec_creacion, fec_edita, usuario_crea, usuario_edita, usuario_ejecuta, fec_ejecuta) VALUES (299, 2, 30, 'Iniciar proceso de grabación, cuando el usuario cuenta con el perfil Grabación Automáticas de Ventas. ', 'Ambiente:
1. El usuario cuenta con el rol Grabación Automática de Ventas.
2. Existe un formulario para el cargue de incrementos.
3. El usuario se encuentra loqueado en el sistema.
Entrada:
1. El usuario da clic en Administración/ Carga de Incrementos Automáticos.
2. El usuario da clic en Examinar. 
3. El usuario selecciona el archivo a cargar y da clic en Abrir.
4. El usuario da clic en Cargar.
5. El usuario da clic en Procesar.
Resultado:
1. Verificar que el sistema muestre un mensaje informado El proceso se realizo correctamente.
2. Verificar que el sistema muestre un log con los errores encontrados.
3. Verificar que este log de errores se pueda exporta y guardar a Excel.
4. Verificar que el sistema muestre un reporte con los casos guardados de forma efectiva adicionándole el número de solicitud con el cual fue grabado y el estado de dicha solicitud.
5. Verificar que este reporte se pueda exportar y guardar a Excel', 12, NULL, '2014-03-10 16:30:18.242', NULL, 'anonymousUser', NULL, NULL, NULL);
INSERT INTO sgp_caso_prueba (id_caso_prueba, id_artefacto, id_mapa_prueba, descripcion, resultado, tipo_prueba, cumple, fec_creacion, fec_edita, usuario_crea, usuario_edita, usuario_ejecuta, fec_ejecuta) VALUES (300, 1, 30, 'Iniciar proceso de grabación, cuando el usuario no a cargado un archivo previamente.', 'Ambiente:
1. El usuario cuenta con el rol Grabación Automática de Ventas.
2. Existe un formulario para el cargue de incrementos.
3. El usuario se encuentra loqueado en el sistema.
Entrada:
1. El usuario da clic en Administración / Carga de Incrementos Automáticos.
2. El usuario da clic en Procesar.
Resultado:
1. El sistema muestra un mensaje Informado Debe de carga un archivo, para poder procesarlo. 
2. Verificar que el sistema no realice ninguna acción.', 12, NULL, '2014-03-10 16:30:18.321', NULL, 'anonymousUser', NULL, NULL, NULL);
INSERT INTO sgp_caso_prueba (id_caso_prueba, id_artefacto, id_mapa_prueba, descripcion, resultado, tipo_prueba, cumple, fec_creacion, fec_edita, usuario_crea, usuario_edita, usuario_ejecuta, fec_ejecuta) VALUES (301, 2, 30, 'Iniciar proceso de grabación, cuando el usuario selecciona un archivo en blanco.', 'Ambiente:
1. Igual a la prueba número 1.
Entrada:
1. El usuario da clic en Administración/ Carga de Incrementos Automáticos.
2. El usuario da clic en Examinar. 
3. El usuario selecciona el archivo a cargar y da clic en Abrir.
4. El usuario da clic en Cargar.
5. El usuario da clic en Procesar.
Resultado:
1. El sistema muestra un mensaje Informado Debe el archivo plano se encuentra vacío. 
2. Verificar que el sistema no realice ninguna acción.', 12, NULL, '2014-03-10 16:30:18.426', NULL, 'anonymousUser', NULL, NULL, NULL);
INSERT INTO sgp_caso_prueba (id_caso_prueba, id_artefacto, id_mapa_prueba, descripcion, resultado, tipo_prueba, cumple, fec_creacion, fec_edita, usuario_crea, usuario_edita, usuario_ejecuta, fec_ejecuta) VALUES (302, 1, 30, 'Iniciar proceso de grabación, cuando el usuario selecciona un archivo con un formato diferente a txt.', 'Ambiente:
1. El usuario cuenta con el rol Grabación Automática de Ventas.
2. Existe un formulario para el cargue de incrementos.
3. El usuario se encuentra loqueado en el sistema.
Entrada:
1. El usuario da clic en Administración/ Carga de Incrementos Automáticos.
2. El usuario da clic en Examinar. 
3. El usuario selecciona el archivo a cargar y da clic en Abrir.
4. El usuario da clic en Cargar.
5. El usuario da clic en Procesar.
Resultado:
1. El sistema muestra un mensaje Informado El archivo debe de tener una extensión .txt. 
2. Verificar que el sistema no realice ninguna acción. ', 12, NULL, '2014-03-10 16:30:18.497', NULL, 'anonymousUser', NULL, NULL, NULL);
INSERT INTO sgp_caso_prueba (id_caso_prueba, id_artefacto, id_mapa_prueba, descripcion, resultado, tipo_prueba, cumple, fec_creacion, fec_edita, usuario_crea, usuario_edita, usuario_ejecuta, fec_ejecuta) VALUES (303, 2, 30, 'Iniciar proceso de grabación, cuando el usuario no cuenta con el rol Grabación Automáticas de Ventas. ', 'Ambiente:
1. El usuario cuenta con un rol diferente a Grabación Automáticas de Venta.
2. Existe un formulario para el cargue de incrementos.
3. El usuario se encuentra loqueado en el sistema.
Entrada:
1. El usuario da clic en Administración / Carga de Incrementos Automáticos.
Resultado:
1. El sistema muestra un mensaje Informado El usuario no tiene privilegios suficientes para ingresar al formulario.', 12, NULL, '2014-03-10 16:30:18.564', NULL, 'anonymousUser', NULL, NULL, NULL);
INSERT INTO sgp_caso_prueba (id_caso_prueba, id_artefacto, id_mapa_prueba, descripcion, resultado, tipo_prueba, cumple, fec_creacion, fec_edita, usuario_crea, usuario_edita, usuario_ejecuta, fec_ejecuta) VALUES (12, 1, 2, 'realizando pruebas datos validos', 'rewrwerwerw', 12, NULL, '2014-02-20 11:47:11.403', '2014-03-13 14:55:48.74', 'admin', 'admin', 'admin', '2014-03-03 18:04:48.129');
INSERT INTO sgp_caso_prueba (id_caso_prueba, id_artefacto, id_mapa_prueba, descripcion, resultado, tipo_prueba, cumple, fec_creacion, fec_edita, usuario_crea, usuario_edita, usuario_ejecuta, fec_ejecuta) VALUES (304, 28, 30, 'Iniciar proceso de grabación, cuando el usuario selecciona un archivo en blanco.', 'Ambiente:
1. El usuario cuenta con el rol Grabación Automática de Ventas.
2. Existe un formulario para el cargue de incrementos.
3. El usuario se encuentra loqueado en el sistema.
Entrada:
1. El usuario da clic en Administración/ Carga de Incrementos Automáticos.
2. El usuario da clic en Examinar. 
3. El usuario selecciona el archivo a cargar y da clic en Abrir.
4. El usuario da clic en Cargar.
5. El usuario da clic en Procesar.
Resultado:
1. El sistema muestra un mensaje Informado Debe el archivo plano se encuentra vacío. 
2. Verificar que el sistema no realice ninguna acción.', 12, NULL, '2014-03-10 16:30:18.608', NULL, 'anonymousUser', NULL, NULL, NULL);
INSERT INTO sgp_caso_prueba (id_caso_prueba, id_artefacto, id_mapa_prueba, descripcion, resultado, tipo_prueba, cumple, fec_creacion, fec_edita, usuario_crea, usuario_edita, usuario_ejecuta, fec_ejecuta) VALUES (305, 28, 30, 'Iniciar proceso de grabación, cuando el usuario selecciona un archivo con un formato diferente a txt.', 'Ambiente:
1. El usuario cuenta con el rol Grabación Automática de Ventas.
2. Existe un formulario para el cargue de incrementos.
3. El usuario se encuentra loqueado en el sistema.
Entrada:
1. El usuario da clic en Administración/ Carga de Incrementos Automáticos.
2. El usuario da clic en Examinar. 
3. El usuario selecciona el archivo a cargar y da clic en Abrir.
4. El usuario da clic en Cargar.
5. El usuario da clic en Procesar.
Resultado:
1. El sistema muestra un mensaje Informado El archivo debe de tener una extensión .txt. 
2. Verificar que el sistema no realice ninguna acción. ', 12, NULL, '2014-03-10 16:30:18.659', NULL, 'anonymousUser', NULL, NULL, NULL);
INSERT INTO sgp_caso_prueba (id_caso_prueba, id_artefacto, id_mapa_prueba, descripcion, resultado, tipo_prueba, cumple, fec_creacion, fec_edita, usuario_crea, usuario_edita, usuario_ejecuta, fec_ejecuta) VALUES (337, 1, 30, 'zgsdfds', 'sdasfsdsa', 12, NULL, '2014-03-10 20:50:33.905', NULL, 'admin', NULL, NULL, NULL);
INSERT INTO sgp_caso_prueba (id_caso_prueba, id_artefacto, id_mapa_prueba, descripcion, resultado, tipo_prueba, cumple, fec_creacion, fec_edita, usuario_crea, usuario_edita, usuario_ejecuta, fec_ejecuta) VALUES (306, 1, 30, 'Subir Archivo Plano cuando el usuario cuenta con el rol Grabación Automáticas de Ventas.', 'Ambiente:
1. El usuario cuenta con el rol Grabación Automática de Ventas.
2. Existe un formulario para el cargue de incrementos.
3. El usuario se encuentra loqueado en el sistema.
Entrada:
1. El usuario da clic en Administración/ Carga de Incrementos Automáticos.
2. El usuario da clic en Examinar. 
3. El usuario selecciona el archivo a cargar y da clic en Abrir.
4. El usuario da clic en Cargar.
Resultado:
1. Verificar que el archivo se cargue en el sistema.', 12, NULL, '2014-03-10 17:47:51.472', NULL, 'admin', NULL, NULL, NULL);
INSERT INTO sgp_caso_prueba (id_caso_prueba, id_artefacto, id_mapa_prueba, descripcion, resultado, tipo_prueba, cumple, fec_creacion, fec_edita, usuario_crea, usuario_edita, usuario_ejecuta, fec_ejecuta) VALUES (307, 2, 30, 'Subir Archivo Plano, cuando el archivo tiene una extensión diferente a txt.', 'Ambiente:
1. El usuario cuenta con el rol Grabación Automática de Ventas.
2. Existe un formulario para el cargue de incrementos.
3. El usuario se encuentra loqueado en el sistema.
Entrada:
1. El usuario da clic en Administración/ Carga de Incrementos Automáticos.
2. El usuario da clic en Examinar. 
3. El usuario selecciona el archivo a cargar y da clic en Abrir.
4. El usuario da clic en Cargar.
Resultado:
1. El sistema muestra un mensaje informado que la extensión del archivo debe de ser txt.', 12, NULL, '2014-03-10 17:47:51.549', NULL, 'admin', NULL, NULL, NULL);
INSERT INTO sgp_caso_prueba (id_caso_prueba, id_artefacto, id_mapa_prueba, descripcion, resultado, tipo_prueba, cumple, fec_creacion, fec_edita, usuario_crea, usuario_edita, usuario_ejecuta, fec_ejecuta) VALUES (308, 1, 30, 'Subir Archivo Plano, cuando este se encuentra en blanco.', 'Ambiente:
1. El usuario cuenta con el rol Grabación Automática de Ventas.
2. Existe un formulario para el cargue de incrementos.
3. El usuario se encuentra loqueado en el sistema.
Entrada:
1. El usuario da clic en Administración/ Carga de Incrementos Automáticos.
2. El usuario da clic en Examinar. 
3. El usuario selecciona el archivo a cargar y da clic en Abrir.
4. El usuario da clic en Cargar.
Resultado:
1. El sistema muestra un mensaje informado que el archivo se encuentra vacío.', 12, NULL, '2014-03-10 17:47:51.594', NULL, 'admin', NULL, NULL, NULL);
INSERT INTO sgp_caso_prueba (id_caso_prueba, id_artefacto, id_mapa_prueba, descripcion, resultado, tipo_prueba, cumple, fec_creacion, fec_edita, usuario_crea, usuario_edita, usuario_ejecuta, fec_ejecuta) VALUES (309, 2, 30, 'Iniciar proceso de grabación, cuando el usuario cuenta con el perfil Grabación Automáticas de Ventas. ', 'Ambiente:
1. El usuario cuenta con el rol Grabación Automática de Ventas.
2. Existe un formulario para el cargue de incrementos.
3. El usuario se encuentra loqueado en el sistema.
Entrada:
1. El usuario da clic en Administración/ Carga de Incrementos Automáticos.
2. El usuario da clic en Examinar. 
3. El usuario selecciona el archivo a cargar y da clic en Abrir.
4. El usuario da clic en Cargar.
5. El usuario da clic en Procesar.
Resultado:
1. Verificar que el sistema muestre un mensaje informado El proceso se realizo correctamente.
2. Verificar que el sistema muestre un log con los errores encontrados.
3. Verificar que este log de errores se pueda exporta y guardar a Excel.
4. Verificar que el sistema muestre un reporte con los casos guardados de forma efectiva adicionándole el número de solicitud con el cual fue grabado y el estado de dicha solicitud.
5. Verificar que este reporte se pueda exportar y guardar a Excel', 12, NULL, '2014-03-10 17:47:51.645', NULL, 'admin', NULL, NULL, NULL);
INSERT INTO sgp_caso_prueba (id_caso_prueba, id_artefacto, id_mapa_prueba, descripcion, resultado, tipo_prueba, cumple, fec_creacion, fec_edita, usuario_crea, usuario_edita, usuario_ejecuta, fec_ejecuta) VALUES (310, 1, 30, 'Iniciar proceso de grabación, cuando el usuario no a cargado un archivo previamente.', 'Ambiente:
1. El usuario cuenta con el rol Grabación Automática de Ventas.
2. Existe un formulario para el cargue de incrementos.
3. El usuario se encuentra loqueado en el sistema.
Entrada:
1. El usuario da clic en Administración / Carga de Incrementos Automáticos.
2. El usuario da clic en Procesar.
Resultado:
1. El sistema muestra un mensaje Informado Debe de carga un archivo, para poder procesarlo. 
2. Verificar que el sistema no realice ninguna acción.', 12, NULL, '2014-03-10 17:47:51.705', NULL, 'admin', NULL, NULL, NULL);
INSERT INTO sgp_caso_prueba (id_caso_prueba, id_artefacto, id_mapa_prueba, descripcion, resultado, tipo_prueba, cumple, fec_creacion, fec_edita, usuario_crea, usuario_edita, usuario_ejecuta, fec_ejecuta) VALUES (311, 2, 30, 'Iniciar proceso de grabación, cuando el usuario selecciona un archivo en blanco.', 'Ambiente:
1. Igual a la prueba número 1.
Entrada:
1. El usuario da clic en Administración/ Carga de Incrementos Automáticos.
2. El usuario da clic en Examinar. 
3. El usuario selecciona el archivo a cargar y da clic en Abrir.
4. El usuario da clic en Cargar.
5. El usuario da clic en Procesar.
Resultado:
1. El sistema muestra un mensaje Informado Debe el archivo plano se encuentra vacío. 
2. Verificar que el sistema no realice ninguna acción.', 12, NULL, '2014-03-10 17:47:51.755', NULL, 'admin', NULL, NULL, NULL);
INSERT INTO sgp_caso_prueba (id_caso_prueba, id_artefacto, id_mapa_prueba, descripcion, resultado, tipo_prueba, cumple, fec_creacion, fec_edita, usuario_crea, usuario_edita, usuario_ejecuta, fec_ejecuta) VALUES (312, 1, 30, 'Iniciar proceso de grabación, cuando el usuario selecciona un archivo con un formato diferente a txt.', 'Ambiente:
1. El usuario cuenta con el rol Grabación Automática de Ventas.
2. Existe un formulario para el cargue de incrementos.
3. El usuario se encuentra loqueado en el sistema.
Entrada:
1. El usuario da clic en Administración/ Carga de Incrementos Automáticos.
2. El usuario da clic en Examinar. 
3. El usuario selecciona el archivo a cargar y da clic en Abrir.
4. El usuario da clic en Cargar.
5. El usuario da clic en Procesar.
Resultado:
1. El sistema muestra un mensaje Informado El archivo debe de tener una extensión .txt. 
2. Verificar que el sistema no realice ninguna acción. ', 12, NULL, '2014-03-10 17:47:51.785', NULL, 'admin', NULL, NULL, NULL);
INSERT INTO sgp_caso_prueba (id_caso_prueba, id_artefacto, id_mapa_prueba, descripcion, resultado, tipo_prueba, cumple, fec_creacion, fec_edita, usuario_crea, usuario_edita, usuario_ejecuta, fec_ejecuta) VALUES (313, 2, 30, 'Iniciar proceso de grabación, cuando el usuario no cuenta con el rol Grabación Automáticas de Ventas. ', 'Ambiente:
1. El usuario cuenta con un rol diferente a Grabación Automáticas de Venta.
2. Existe un formulario para el cargue de incrementos.
3. El usuario se encuentra loqueado en el sistema.
Entrada:
1. El usuario da clic en Administración / Carga de Incrementos Automáticos.
Resultado:
1. El sistema muestra un mensaje Informado El usuario no tiene privilegios suficientes para ingresar al formulario.', 12, NULL, '2014-03-10 17:47:51.834', NULL, 'admin', NULL, NULL, NULL);
INSERT INTO sgp_caso_prueba (id_caso_prueba, id_artefacto, id_mapa_prueba, descripcion, resultado, tipo_prueba, cumple, fec_creacion, fec_edita, usuario_crea, usuario_edita, usuario_ejecuta, fec_ejecuta) VALUES (314, 28, 30, 'Iniciar proceso de grabación, cuando el usuario selecciona un archivo en blanco.', 'Ambiente:
1. El usuario cuenta con el rol Grabación Automática de Ventas.
2. Existe un formulario para el cargue de incrementos.
3. El usuario se encuentra loqueado en el sistema.
Entrada:
1. El usuario da clic en Administración/ Carga de Incrementos Automáticos.
2. El usuario da clic en Examinar. 
3. El usuario selecciona el archivo a cargar y da clic en Abrir.
4. El usuario da clic en Cargar.
5. El usuario da clic en Procesar.
Resultado:
1. El sistema muestra un mensaje Informado Debe el archivo plano se encuentra vacío. 
2. Verificar que el sistema no realice ninguna acción.', 12, NULL, '2014-03-10 17:47:51.904', NULL, 'admin', NULL, NULL, NULL);
INSERT INTO sgp_caso_prueba (id_caso_prueba, id_artefacto, id_mapa_prueba, descripcion, resultado, tipo_prueba, cumple, fec_creacion, fec_edita, usuario_crea, usuario_edita, usuario_ejecuta, fec_ejecuta) VALUES (315, 28, 30, 'Iniciar proceso de grabación, cuando el usuario selecciona un archivo con un formato diferente a txt.', 'Ambiente:
1. El usuario cuenta con el rol Grabación Automática de Ventas.
2. Existe un formulario para el cargue de incrementos.
3. El usuario se encuentra loqueado en el sistema.
Entrada:
1. El usuario da clic en Administración/ Carga de Incrementos Automáticos.
2. El usuario da clic en Examinar. 
3. El usuario selecciona el archivo a cargar y da clic en Abrir.
4. El usuario da clic en Cargar.
5. El usuario da clic en Procesar.
Resultado:
1. El sistema muestra un mensaje Informado El archivo debe de tener una extensión .txt. 
2. Verificar que el sistema no realice ninguna acción. ', 12, NULL, '2014-03-10 17:47:51.945', NULL, 'admin', NULL, NULL, NULL);
INSERT INTO sgp_caso_prueba (id_caso_prueba, id_artefacto, id_mapa_prueba, descripcion, resultado, tipo_prueba, cumple, fec_creacion, fec_edita, usuario_crea, usuario_edita, usuario_ejecuta, fec_ejecuta) VALUES (316, 1, 30, 'Subir Archivo Plano cuando el usuario cuenta con el rol Grabación Automáticas de Ventas.', 'Ambiente:
1. El usuario cuenta con el rol Grabación Automática de Ventas.
2. Existe un formulario para el cargue de incrementos.
3. El usuario se encuentra loqueado en el sistema.
Entrada:
1. El usuario da clic en Administración/ Carga de Incrementos Automáticos.
2. El usuario da clic en Examinar. 
3. El usuario selecciona el archivo a cargar y da clic en Abrir.
4. El usuario da clic en Cargar.
Resultado:
1. Verificar que el archivo se cargue en el sistema.', 12, NULL, '2014-03-10 18:03:23.335', NULL, 'admin', NULL, NULL, NULL);
INSERT INTO sgp_caso_prueba (id_caso_prueba, id_artefacto, id_mapa_prueba, descripcion, resultado, tipo_prueba, cumple, fec_creacion, fec_edita, usuario_crea, usuario_edita, usuario_ejecuta, fec_ejecuta) VALUES (317, 2, 30, 'Subir Archivo Plano, cuando el archivo tiene una extensión diferente a txt.', 'Ambiente:
1. El usuario cuenta con el rol Grabación Automática de Ventas.
2. Existe un formulario para el cargue de incrementos.
3. El usuario se encuentra loqueado en el sistema.
Entrada:
1. El usuario da clic en Administración/ Carga de Incrementos Automáticos.
2. El usuario da clic en Examinar. 
3. El usuario selecciona el archivo a cargar y da clic en Abrir.
4. El usuario da clic en Cargar.
Resultado:
1. El sistema muestra un mensaje informado que la extensión del archivo debe de ser txt.', 12, NULL, '2014-03-10 18:03:23.407', NULL, 'admin', NULL, NULL, NULL);
INSERT INTO sgp_caso_prueba (id_caso_prueba, id_artefacto, id_mapa_prueba, descripcion, resultado, tipo_prueba, cumple, fec_creacion, fec_edita, usuario_crea, usuario_edita, usuario_ejecuta, fec_ejecuta) VALUES (318, 1, 30, 'Subir Archivo Plano, cuando este se encuentra en blanco.', 'Ambiente:
1. El usuario cuenta con el rol Grabación Automática de Ventas.
2. Existe un formulario para el cargue de incrementos.
3. El usuario se encuentra loqueado en el sistema.
Entrada:
1. El usuario da clic en Administración/ Carga de Incrementos Automáticos.
2. El usuario da clic en Examinar. 
3. El usuario selecciona el archivo a cargar y da clic en Abrir.
4. El usuario da clic en Cargar.
Resultado:
1. El sistema muestra un mensaje informado que el archivo se encuentra vacío.', 12, NULL, '2014-03-10 18:03:23.475', NULL, 'admin', NULL, NULL, NULL);
INSERT INTO sgp_caso_prueba (id_caso_prueba, id_artefacto, id_mapa_prueba, descripcion, resultado, tipo_prueba, cumple, fec_creacion, fec_edita, usuario_crea, usuario_edita, usuario_ejecuta, fec_ejecuta) VALUES (319, 2, 30, 'Iniciar proceso de grabación, cuando el usuario cuenta con el perfil Grabación Automáticas de Ventas. ', 'Ambiente:
1. El usuario cuenta con el rol Grabación Automática de Ventas.
2. Existe un formulario para el cargue de incrementos.
3. El usuario se encuentra loqueado en el sistema.
Entrada:
1. El usuario da clic en Administración/ Carga de Incrementos Automáticos.
2. El usuario da clic en Examinar. 
3. El usuario selecciona el archivo a cargar y da clic en Abrir.
4. El usuario da clic en Cargar.
5. El usuario da clic en Procesar.
Resultado:
1. Verificar que el sistema muestre un mensaje informado El proceso se realizo correctamente.
2. Verificar que el sistema muestre un log con los errores encontrados.
3. Verificar que este log de errores se pueda exporta y guardar a Excel.
4. Verificar que el sistema muestre un reporte con los casos guardados de forma efectiva adicionándole el número de solicitud con el cual fue grabado y el estado de dicha solicitud.
5. Verificar que este reporte se pueda exportar y guardar a Excel', 12, NULL, '2014-03-10 18:03:23.536', NULL, 'admin', NULL, NULL, NULL);
INSERT INTO sgp_caso_prueba (id_caso_prueba, id_artefacto, id_mapa_prueba, descripcion, resultado, tipo_prueba, cumple, fec_creacion, fec_edita, usuario_crea, usuario_edita, usuario_ejecuta, fec_ejecuta) VALUES (320, 1, 30, 'Iniciar proceso de grabación, cuando el usuario no a cargado un archivo previamente.', 'Ambiente:
1. El usuario cuenta con el rol Grabación Automática de Ventas.
2. Existe un formulario para el cargue de incrementos.
3. El usuario se encuentra loqueado en el sistema.
Entrada:
1. El usuario da clic en Administración / Carga de Incrementos Automáticos.
2. El usuario da clic en Procesar.
Resultado:
1. El sistema muestra un mensaje Informado Debe de carga un archivo, para poder procesarlo. 
2. Verificar que el sistema no realice ninguna acción.', 12, NULL, '2014-03-10 18:03:23.606', NULL, 'admin', NULL, NULL, NULL);
INSERT INTO sgp_caso_prueba (id_caso_prueba, id_artefacto, id_mapa_prueba, descripcion, resultado, tipo_prueba, cumple, fec_creacion, fec_edita, usuario_crea, usuario_edita, usuario_ejecuta, fec_ejecuta) VALUES (321, 2, 30, 'Iniciar proceso de grabación, cuando el usuario selecciona un archivo en blanco.', 'Ambiente:
1. Igual a la prueba número 1.
Entrada:
1. El usuario da clic en Administración/ Carga de Incrementos Automáticos.
2. El usuario da clic en Examinar. 
3. El usuario selecciona el archivo a cargar y da clic en Abrir.
4. El usuario da clic en Cargar.
5. El usuario da clic en Procesar.
Resultado:
1. El sistema muestra un mensaje Informado Debe el archivo plano se encuentra vacío. 
2. Verificar que el sistema no realice ninguna acción.', 12, NULL, '2014-03-10 18:03:23.666', NULL, 'admin', NULL, NULL, NULL);
INSERT INTO sgp_caso_prueba (id_caso_prueba, id_artefacto, id_mapa_prueba, descripcion, resultado, tipo_prueba, cumple, fec_creacion, fec_edita, usuario_crea, usuario_edita, usuario_ejecuta, fec_ejecuta) VALUES (322, 1, 30, 'Iniciar proceso de grabación, cuando el usuario selecciona un archivo con un formato diferente a txt.', 'Ambiente:
1. El usuario cuenta con el rol Grabación Automática de Ventas.
2. Existe un formulario para el cargue de incrementos.
3. El usuario se encuentra loqueado en el sistema.
Entrada:
1. El usuario da clic en Administración/ Carga de Incrementos Automáticos.
2. El usuario da clic en Examinar. 
3. El usuario selecciona el archivo a cargar y da clic en Abrir.
4. El usuario da clic en Cargar.
5. El usuario da clic en Procesar.
Resultado:
1. El sistema muestra un mensaje Informado El archivo debe de tener una extensión .txt. 
2. Verificar que el sistema no realice ninguna acción. ', 12, NULL, '2014-03-10 18:03:23.756', NULL, 'admin', NULL, NULL, NULL);
INSERT INTO sgp_caso_prueba (id_caso_prueba, id_artefacto, id_mapa_prueba, descripcion, resultado, tipo_prueba, cumple, fec_creacion, fec_edita, usuario_crea, usuario_edita, usuario_ejecuta, fec_ejecuta) VALUES (209, 1, 30, 'Subir Archivo Plano, cuando este se encuentra en blanco.', 'Ambiente:
1. El usuario cuenta con el rol Grabación Automática de Ventas.
2. Existe un formulario para el cargue de incrementos.
3. El usuario se encuentra loqueado en el sistema.
Entrada:
1. El usuario da clic en Administración/ Carga de Incrementos Automáticos.
2. El usuario da clic en Examinar. 
3. El usuario selecciona el archivo a cargar y da clic en Abrir.
4. El usuario da clic en Cargar.
Resultado:
1. El sistema muestra un mensaje informado que el archivo se encuentra vacío.', 12, NULL, '2014-03-09 10:22:12.788', NULL, 'admin', NULL, NULL, NULL);
INSERT INTO sgp_caso_prueba (id_caso_prueba, id_artefacto, id_mapa_prueba, descripcion, resultado, tipo_prueba, cumple, fec_creacion, fec_edita, usuario_crea, usuario_edita, usuario_ejecuta, fec_ejecuta) VALUES (323, 2, 30, 'Iniciar proceso de grabación, cuando el usuario no cuenta con el rol Grabación Automáticas de Ventas. ', 'Ambiente:
1. El usuario cuenta con un rol diferente a Grabación Automáticas de Venta.
2. Existe un formulario para el cargue de incrementos.
3. El usuario se encuentra loqueado en el sistema.
Entrada:
1. El usuario da clic en Administración / Carga de Incrementos Automáticos.
Resultado:
1. El sistema muestra un mensaje Informado El usuario no tiene privilegios suficientes para ingresar al formulario.', 12, NULL, '2014-03-10 18:03:23.826', NULL, 'admin', NULL, NULL, NULL);
INSERT INTO sgp_caso_prueba (id_caso_prueba, id_artefacto, id_mapa_prueba, descripcion, resultado, tipo_prueba, cumple, fec_creacion, fec_edita, usuario_crea, usuario_edita, usuario_ejecuta, fec_ejecuta) VALUES (341, 1, 30, 'holaaaaaaaaaaaaaaaaaaa', 'holaaaaaaaaaaaaaaaaaaaaaaaaaaaaaaaaaaaaaaaa', 12, NULL, '2014-03-12 08:27:55.317', NULL, 'anonymousUser', NULL, NULL, NULL);
INSERT INTO sgp_caso_prueba (id_caso_prueba, id_artefacto, id_mapa_prueba, descripcion, resultado, tipo_prueba, cumple, fec_creacion, fec_edita, usuario_crea, usuario_edita, usuario_ejecuta, fec_ejecuta) VALUES (340, 2, 30, 'Actividad..................................................................................', 'Actividad......................................................', 12, NULL, '2014-03-12 08:27:04.236', '2014-03-12 19:44:06.06', 'anonymousUser', 'admin', NULL, NULL);
INSERT INTO sgp_caso_prueba (id_caso_prueba, id_artefacto, id_mapa_prueba, descripcion, resultado, tipo_prueba, cumple, fec_creacion, fec_edita, usuario_crea, usuario_edita, usuario_ejecuta, fec_ejecuta) VALUES (210, 2, 30, 'Iniciar proceso de grabación, cuando el usuario cuenta con el perfil Grabación Automáticas de Ventas. ', 'Ambiente:
1. El usuario cuenta con el rol Grabación Automática de Ventas.
2. Existe un formulario para el cargue de incrementos.
3. El usuario se encuentra loqueado en el sistema.
Entrada:
1. El usuario da clic en Administración/ Carga de Incrementos Automáticos.
2. El usuario da clic en Examinar. 
3. El usuario selecciona el archivo a cargar y da clic en Abrir.
4. El usuario da clic en Cargar.
5. El usuario da clic en Procesar.
Resultado:
1. Verificar que el sistema muestre un mensaje informado El proceso se realizo correctamente.
2. Verificar que el sistema muestre un log con los errores encontrados.
3. Verificar que este log de errores se pueda exporta y guardar a Excel.
4. Verificar que el sistema muestre un reporte con los casos guardados de forma efectiva adicionándole el número de solicitud con el cual fue grabado y el estado de dicha solicitud.
5. Verificar que este reporte se pueda exportar y guardar a Excel', 12, NULL, '2014-03-09 10:22:12.829', NULL, 'admin', NULL, NULL, NULL);
INSERT INTO sgp_caso_prueba (id_caso_prueba, id_artefacto, id_mapa_prueba, descripcion, resultado, tipo_prueba, cumple, fec_creacion, fec_edita, usuario_crea, usuario_edita, usuario_ejecuta, fec_ejecuta) VALUES (211, 1, 30, 'Iniciar proceso de grabación, cuando el usuario no a cargado un archivo previamente.', 'Ambiente:
1. El usuario cuenta con el rol Grabación Automática de Ventas.
2. Existe un formulario para el cargue de incrementos.
3. El usuario se encuentra loqueado en el sistema.
Entrada:
1. El usuario da clic en Administración / Carga de Incrementos Automáticos.
2. El usuario da clic en Procesar.
Resultado:
1. El sistema muestra un mensaje Informado Debe de carga un archivo, para poder procesarlo. 
2. Verificar que el sistema no realice ninguna acción.', 12, NULL, '2014-03-09 10:22:12.865', NULL, 'admin', NULL, NULL, NULL);
INSERT INTO sgp_caso_prueba (id_caso_prueba, id_artefacto, id_mapa_prueba, descripcion, resultado, tipo_prueba, cumple, fec_creacion, fec_edita, usuario_crea, usuario_edita, usuario_ejecuta, fec_ejecuta) VALUES (212, 2, 30, 'Iniciar proceso de grabación, cuando el usuario selecciona un archivo en blanco.', 'Ambiente:
1. Igual a la prueba número 1.
Entrada:
1. El usuario da clic en Administración/ Carga de Incrementos Automáticos.
2. El usuario da clic en Examinar. 
3. El usuario selecciona el archivo a cargar y da clic en Abrir.
4. El usuario da clic en Cargar.
5. El usuario da clic en Procesar.
Resultado:
1. El sistema muestra un mensaje Informado Debe el archivo plano se encuentra vacío. 
2. Verificar que el sistema no realice ninguna acción.', 12, NULL, '2014-03-09 10:22:12.897', NULL, 'admin', NULL, NULL, NULL);
INSERT INTO sgp_caso_prueba (id_caso_prueba, id_artefacto, id_mapa_prueba, descripcion, resultado, tipo_prueba, cumple, fec_creacion, fec_edita, usuario_crea, usuario_edita, usuario_ejecuta, fec_ejecuta) VALUES (213, 1, 30, 'Iniciar proceso de grabación, cuando el usuario selecciona un archivo con un formato diferente a txt.', 'Ambiente:
1. El usuario cuenta con el rol Grabación Automática de Ventas.
2. Existe un formulario para el cargue de incrementos.
3. El usuario se encuentra loqueado en el sistema.
Entrada:
1. El usuario da clic en Administración/ Carga de Incrementos Automáticos.
2. El usuario da clic en Examinar. 
3. El usuario selecciona el archivo a cargar y da clic en Abrir.
4. El usuario da clic en Cargar.
5. El usuario da clic en Procesar.
Resultado:
1. El sistema muestra un mensaje Informado El archivo debe de tener una extensión .txt. 
2. Verificar que el sistema no realice ninguna acción. ', 12, NULL, '2014-03-09 10:22:12.985', NULL, 'admin', NULL, NULL, NULL);
INSERT INTO sgp_caso_prueba (id_caso_prueba, id_artefacto, id_mapa_prueba, descripcion, resultado, tipo_prueba, cumple, fec_creacion, fec_edita, usuario_crea, usuario_edita, usuario_ejecuta, fec_ejecuta) VALUES (214, 2, 30, 'Iniciar proceso de grabación, cuando el usuario no cuenta con el rol Grabación Automáticas de Ventas. ', 'Ambiente:
1. El usuario cuenta con un rol diferente a Grabación Automáticas de Venta.
2. Existe un formulario para el cargue de incrementos.
3. El usuario se encuentra loqueado en el sistema.
Entrada:
1. El usuario da clic en Administración / Carga de Incrementos Automáticos.
Resultado:
1. El sistema muestra un mensaje Informado El usuario no tiene privilegios suficientes para ingresar al formulario.', 12, NULL, '2014-03-09 10:22:13.006', NULL, 'admin', NULL, NULL, NULL);
INSERT INTO sgp_caso_prueba (id_caso_prueba, id_artefacto, id_mapa_prueba, descripcion, resultado, tipo_prueba, cumple, fec_creacion, fec_edita, usuario_crea, usuario_edita, usuario_ejecuta, fec_ejecuta) VALUES (215, 28, 4, 'Iniciar proceso de grabación, cuando el usuario selecciona un archivo en blanco.', 'Ambiente:
1. El usuario cuenta con el rol Grabación Automática de Ventas.
2. Existe un formulario para el cargue de incrementos.
3. El usuario se encuentra loqueado en el sistema.
Entrada:
1. El usuario da clic en Administración/ Carga de Incrementos Automáticos.
2. El usuario da clic en Examinar. 
3. El usuario selecciona el archivo a cargar y da clic en Abrir.
4. El usuario da clic en Cargar.
5. El usuario da clic en Procesar.
Resultado:
1. El sistema muestra un mensaje Informado Debe el archivo plano se encuentra vacío. 
2. Verificar que el sistema no realice ninguna acción.', 12, NULL, '2014-03-09 10:22:13.049', NULL, 'admin', NULL, NULL, NULL);
INSERT INTO sgp_caso_prueba (id_caso_prueba, id_artefacto, id_mapa_prueba, descripcion, resultado, tipo_prueba, cumple, fec_creacion, fec_edita, usuario_crea, usuario_edita, usuario_ejecuta, fec_ejecuta) VALUES (216, 28, 4, 'Iniciar proceso de grabación, cuando el usuario selecciona un archivo con un formato diferente a txt.', 'Ambiente:
1. El usuario cuenta con el rol Grabación Automática de Ventas.
2. Existe un formulario para el cargue de incrementos.
3. El usuario se encuentra loqueado en el sistema.
Entrada:
1. El usuario da clic en Administración/ Carga de Incrementos Automáticos.
2. El usuario da clic en Examinar. 
3. El usuario selecciona el archivo a cargar y da clic en Abrir.
4. El usuario da clic en Cargar.
5. El usuario da clic en Procesar.
Resultado:
1. El sistema muestra un mensaje Informado El archivo debe de tener una extensión .txt. 
2. Verificar que el sistema no realice ninguna acción. ', 12, NULL, '2014-03-09 10:22:13.09', NULL, 'admin', NULL, NULL, NULL);
INSERT INTO sgp_caso_prueba (id_caso_prueba, id_artefacto, id_mapa_prueba, descripcion, resultado, tipo_prueba, cumple, fec_creacion, fec_edita, usuario_crea, usuario_edita, usuario_ejecuta, fec_ejecuta) VALUES (324, 28, 30, 'Iniciar proceso de grabación, cuando el usuario selecciona un archivo en blanco.', 'Ambiente:
1. El usuario cuenta con el rol Grabación Automática de Ventas.
2. Existe un formulario para el cargue de incrementos.
3. El usuario se encuentra loqueado en el sistema.
Entrada:
1. El usuario da clic en Administración/ Carga de Incrementos Automáticos.
2. El usuario da clic en Examinar. 
3. El usuario selecciona el archivo a cargar y da clic en Abrir.
4. El usuario da clic en Cargar.
5. El usuario da clic en Procesar.
Resultado:
1. El sistema muestra un mensaje Informado Debe el archivo plano se encuentra vacío. 
2. Verificar que el sistema no realice ninguna acción.', 12, NULL, '2014-03-10 18:03:23.876', NULL, 'admin', NULL, NULL, NULL);
INSERT INTO sgp_caso_prueba (id_caso_prueba, id_artefacto, id_mapa_prueba, descripcion, resultado, tipo_prueba, cumple, fec_creacion, fec_edita, usuario_crea, usuario_edita, usuario_ejecuta, fec_ejecuta) VALUES (325, 28, 30, 'Iniciar proceso de grabación, cuando el usuario selecciona un archivo con un formato diferente a txt.', 'Ambiente:
1. El usuario cuenta con el rol Grabación Automática de Ventas.
2. Existe un formulario para el cargue de incrementos.
3. El usuario se encuentra loqueado en el sistema.
Entrada:
1. El usuario da clic en Administración/ Carga de Incrementos Automáticos.
2. El usuario da clic en Examinar. 
3. El usuario selecciona el archivo a cargar y da clic en Abrir.
4. El usuario da clic en Cargar.
5. El usuario da clic en Procesar.
Resultado:
1. El sistema muestra un mensaje Informado El archivo debe de tener una extensión .txt. 
2. Verificar que el sistema no realice ninguna acción. ', 12, NULL, '2014-03-10 18:03:23.946', NULL, 'admin', NULL, NULL, NULL);
INSERT INTO sgp_caso_prueba (id_caso_prueba, id_artefacto, id_mapa_prueba, descripcion, resultado, tipo_prueba, cumple, fec_creacion, fec_edita, usuario_crea, usuario_edita, usuario_ejecuta, fec_ejecuta) VALUES (342, 1, 30, 'Por favor ingrese la descripción de la prueba', 'Por favor ingrese la descripción de la prueba', 12, NULL, '2014-03-12 09:05:15.629', NULL, 'anonymousUser', NULL, NULL, NULL);


--
-- TOC entry 2063 (class 0 OID 28244)
-- Dependencies: 170 2057 2075
-- Data for Name: sgp_hallazgo; Type: TABLE DATA; Schema: public; Owner: sgpdesa
--

INSERT INTO sgp_hallazgo (id_hallazgo, id_caso_prueba, tipo_hallazgo, causa_generacion, severidad, prioridad, causa_anulacion, titulo, descripcion, ind_activo, fec_creacion, fec_edita, usuario_crea, usuario_edita, motivo_reasignacion) VALUES (62, 22, 10, 14, 8, 4, NULL, 'sdfsdf', 'sdfsdf', 1, '2014-03-11 20:48:55.585', NULL, 'admin', NULL, 31);
INSERT INTO sgp_hallazgo (id_hallazgo, id_caso_prueba, tipo_hallazgo, causa_generacion, severidad, prioridad, causa_anulacion, titulo, descripcion, ind_activo, fec_creacion, fec_edita, usuario_crea, usuario_edita, motivo_reasignacion) VALUES (18, 12, 10, 14, 7, 6, NULL, 'asdsad', 'asdasd', 1, '2014-03-03 19:16:03.714', NULL, 'admin', NULL, NULL);
INSERT INTO sgp_hallazgo (id_hallazgo, id_caso_prueba, tipo_hallazgo, causa_generacion, severidad, prioridad, causa_anulacion, titulo, descripcion, ind_activo, fec_creacion, fec_edita, usuario_crea, usuario_edita, motivo_reasignacion) VALUES (20, 22, 10, 14, 7, 4, NULL, 'asdasd', 'adadas', 1, '2014-03-06 14:50:41.733', NULL, 'admin', NULL, NULL);
INSERT INTO sgp_hallazgo (id_hallazgo, id_caso_prueba, tipo_hallazgo, causa_generacion, severidad, prioridad, causa_anulacion, titulo, descripcion, ind_activo, fec_creacion, fec_edita, usuario_crea, usuario_edita, motivo_reasignacion) VALUES (21, 22, 10, 14, 8, 5, NULL, 'asfsaf', 'afsafsa', 1, '2014-03-06 14:53:26.089', NULL, 'admin', NULL, NULL);
INSERT INTO sgp_hallazgo (id_hallazgo, id_caso_prueba, tipo_hallazgo, causa_generacion, severidad, prioridad, causa_anulacion, titulo, descripcion, ind_activo, fec_creacion, fec_edita, usuario_crea, usuario_edita, motivo_reasignacion) VALUES (22, 22, 10, 15, 7, 5, NULL, 'asdsad', 'asdada', 1, '2014-03-06 14:59:49.219', NULL, 'admin', NULL, NULL);
INSERT INTO sgp_hallazgo (id_hallazgo, id_caso_prueba, tipo_hallazgo, causa_generacion, severidad, prioridad, causa_anulacion, titulo, descripcion, ind_activo, fec_creacion, fec_edita, usuario_crea, usuario_edita, motivo_reasignacion) VALUES (23, 22, 10, 14, 8, 5, NULL, 'SDFSDF', 'SDFSDF', 1, '2014-03-06 15:09:25.385', NULL, 'admin', NULL, NULL);
INSERT INTO sgp_hallazgo (id_hallazgo, id_caso_prueba, tipo_hallazgo, causa_generacion, severidad, prioridad, causa_anulacion, titulo, descripcion, ind_activo, fec_creacion, fec_edita, usuario_crea, usuario_edita, motivo_reasignacion) VALUES (25, 22, 10, 15, 7, 6, NULL, 'sfasf', 'asfasf', 1, '2014-03-06 15:18:10.833', NULL, 'admin', NULL, NULL);
INSERT INTO sgp_hallazgo (id_hallazgo, id_caso_prueba, tipo_hallazgo, causa_generacion, severidad, prioridad, causa_anulacion, titulo, descripcion, ind_activo, fec_creacion, fec_edita, usuario_crea, usuario_edita, motivo_reasignacion) VALUES (38, 22, 10, 15, 9, 5, NULL, 'fgdgf', 'dfgdg', 1, '2014-03-07 09:35:20.871', NULL, 'admin', NULL, NULL);
INSERT INTO sgp_hallazgo (id_hallazgo, id_caso_prueba, tipo_hallazgo, causa_generacion, severidad, prioridad, causa_anulacion, titulo, descripcion, ind_activo, fec_creacion, fec_edita, usuario_crea, usuario_edita, motivo_reasignacion) VALUES (39, 22, 10, 14, 8, 6, NULL, 'sdfsdf', 'sdfsfd', 1, '2014-03-07 09:39:04.085', NULL, 'anonymousUser', NULL, NULL);
INSERT INTO sgp_hallazgo (id_hallazgo, id_caso_prueba, tipo_hallazgo, causa_generacion, severidad, prioridad, causa_anulacion, titulo, descripcion, ind_activo, fec_creacion, fec_edita, usuario_crea, usuario_edita, motivo_reasignacion) VALUES (40, 22, 10, 15, 8, 5, NULL, 'ASDAD', 'ASDASD', 1, '2014-03-07 10:08:55.966', NULL, 'admin', NULL, NULL);
INSERT INTO sgp_hallazgo (id_hallazgo, id_caso_prueba, tipo_hallazgo, causa_generacion, severidad, prioridad, causa_anulacion, titulo, descripcion, ind_activo, fec_creacion, fec_edita, usuario_crea, usuario_edita, motivo_reasignacion) VALUES (43, 22, 10, 14, 7, 4, NULL, 'sdfsdf', 'sdfsdf', 1, '2014-03-07 14:39:29.434', NULL, 'admin', NULL, NULL);
INSERT INTO sgp_hallazgo (id_hallazgo, id_caso_prueba, tipo_hallazgo, causa_generacion, severidad, prioridad, causa_anulacion, titulo, descripcion, ind_activo, fec_creacion, fec_edita, usuario_crea, usuario_edita, motivo_reasignacion) VALUES (45, 22, 10, 14, 7, 6, NULL, 'ytyrtyrty', 'rtyrryrty', 1, '2014-03-08 14:26:04.138', NULL, 'admin', NULL, NULL);
INSERT INTO sgp_hallazgo (id_hallazgo, id_caso_prueba, tipo_hallazgo, causa_generacion, severidad, prioridad, causa_anulacion, titulo, descripcion, ind_activo, fec_creacion, fec_edita, usuario_crea, usuario_edita, motivo_reasignacion) VALUES (47, 22, 10, 14, 8, 5, NULL, 'sdfdf', 'sdfdsf', 1, '2014-03-08 14:46:14.479', NULL, 'admin', NULL, NULL);
INSERT INTO sgp_hallazgo (id_hallazgo, id_caso_prueba, tipo_hallazgo, causa_generacion, severidad, prioridad, causa_anulacion, titulo, descripcion, ind_activo, fec_creacion, fec_edita, usuario_crea, usuario_edita, motivo_reasignacion) VALUES (2, 6, 10, 14, 7, 5, NULL, 'SDFSDF', 'SDFDSFSDF', 1, '2014-03-03 16:44:48.884', NULL, 'anonymousUser', NULL, NULL);
INSERT INTO sgp_hallazgo (id_hallazgo, id_caso_prueba, tipo_hallazgo, causa_generacion, severidad, prioridad, causa_anulacion, titulo, descripcion, ind_activo, fec_creacion, fec_edita, usuario_crea, usuario_edita, motivo_reasignacion) VALUES (6, 12, 10, 14, 9, 5, NULL, 'sdfsdf', 'dsfsdf', 1, '2014-03-03 18:05:07.028', NULL, 'admin', NULL, NULL);
INSERT INTO sgp_hallazgo (id_hallazgo, id_caso_prueba, tipo_hallazgo, causa_generacion, severidad, prioridad, causa_anulacion, titulo, descripcion, ind_activo, fec_creacion, fec_edita, usuario_crea, usuario_edita, motivo_reasignacion) VALUES (8, 5, 10, 14, 7, 5, NULL, 'sdfsdf', 'sdfdsf', 1, '2014-03-03 18:29:43.297', NULL, 'admin', NULL, NULL);
INSERT INTO sgp_hallazgo (id_hallazgo, id_caso_prueba, tipo_hallazgo, causa_generacion, severidad, prioridad, causa_anulacion, titulo, descripcion, ind_activo, fec_creacion, fec_edita, usuario_crea, usuario_edita, motivo_reasignacion) VALUES (11, 12, 10, 14, 7, 6, NULL, 'asdasd', 'sadadsa', 1, '2014-03-03 18:39:09.748', NULL, 'admin', NULL, NULL);
INSERT INTO sgp_hallazgo (id_hallazgo, id_caso_prueba, tipo_hallazgo, causa_generacion, severidad, prioridad, causa_anulacion, titulo, descripcion, ind_activo, fec_creacion, fec_edita, usuario_crea, usuario_edita, motivo_reasignacion) VALUES (12, 19, 10, 14, 7, 4, NULL, 'sdfsdf', 'dfsfdsf', 1, '2014-03-03 18:48:54.247', NULL, 'admin', NULL, NULL);
INSERT INTO sgp_hallazgo (id_hallazgo, id_caso_prueba, tipo_hallazgo, causa_generacion, severidad, prioridad, causa_anulacion, titulo, descripcion, ind_activo, fec_creacion, fec_edita, usuario_crea, usuario_edita, motivo_reasignacion) VALUES (24, 22, 10, 14, 7, 5, NULL, 'asdasda', 'asdasda', 1, '2014-03-06 15:13:49.295', NULL, 'admin', NULL, NULL);
INSERT INTO sgp_hallazgo (id_hallazgo, id_caso_prueba, tipo_hallazgo, causa_generacion, severidad, prioridad, causa_anulacion, titulo, descripcion, ind_activo, fec_creacion, fec_edita, usuario_crea, usuario_edita, motivo_reasignacion) VALUES (26, 22, 10, 14, 7, 5, NULL, 'jtyr', 'ertyery', 1, '2014-03-06 15:29:29.982', NULL, 'admin', NULL, NULL);
INSERT INTO sgp_hallazgo (id_hallazgo, id_caso_prueba, tipo_hallazgo, causa_generacion, severidad, prioridad, causa_anulacion, titulo, descripcion, ind_activo, fec_creacion, fec_edita, usuario_crea, usuario_edita, motivo_reasignacion) VALUES (27, 22, 10, 14, 7, 5, NULL, 'dgsdg', 'sdfsdf', 1, '2014-03-06 15:35:52.279', NULL, 'admin', NULL, NULL);
INSERT INTO sgp_hallazgo (id_hallazgo, id_caso_prueba, tipo_hallazgo, causa_generacion, severidad, prioridad, causa_anulacion, titulo, descripcion, ind_activo, fec_creacion, fec_edita, usuario_crea, usuario_edita, motivo_reasignacion) VALUES (28, 22, 10, 14, 7, 5, NULL, 'asdad', 'asdasd', 1, '2014-03-06 15:41:03.604', NULL, 'admin', NULL, NULL);
INSERT INTO sgp_hallazgo (id_hallazgo, id_caso_prueba, tipo_hallazgo, causa_generacion, severidad, prioridad, causa_anulacion, titulo, descripcion, ind_activo, fec_creacion, fec_edita, usuario_crea, usuario_edita, motivo_reasignacion) VALUES (29, 22, 10, 14, 8, 6, NULL, 'adasd', 'adasdas', 1, '2014-03-06 15:42:58.506', NULL, 'admin', NULL, NULL);
INSERT INTO sgp_hallazgo (id_hallazgo, id_caso_prueba, tipo_hallazgo, causa_generacion, severidad, prioridad, causa_anulacion, titulo, descripcion, ind_activo, fec_creacion, fec_edita, usuario_crea, usuario_edita, motivo_reasignacion) VALUES (30, 22, 10, 14, 7, 5, NULL, 'ghjghj', 'ghjghj', 1, '2014-03-06 15:51:09.311', NULL, 'admin', NULL, NULL);
INSERT INTO sgp_hallazgo (id_hallazgo, id_caso_prueba, tipo_hallazgo, causa_generacion, severidad, prioridad, causa_anulacion, titulo, descripcion, ind_activo, fec_creacion, fec_edita, usuario_crea, usuario_edita, motivo_reasignacion) VALUES (31, 22, 11, 14, 8, 4, NULL, 'sdfsd', 'dfsdfsdf', 1, '2014-03-06 15:53:19.858', NULL, 'admin', NULL, NULL);
INSERT INTO sgp_hallazgo (id_hallazgo, id_caso_prueba, tipo_hallazgo, causa_generacion, severidad, prioridad, causa_anulacion, titulo, descripcion, ind_activo, fec_creacion, fec_edita, usuario_crea, usuario_edita, motivo_reasignacion) VALUES (35, 22, 10, 14, 7, 4, NULL, 'titulo', 'sdadas', 1, '2014-03-07 09:14:10.034', NULL, 'admin', NULL, NULL);
INSERT INTO sgp_hallazgo (id_hallazgo, id_caso_prueba, tipo_hallazgo, causa_generacion, severidad, prioridad, causa_anulacion, titulo, descripcion, ind_activo, fec_creacion, fec_edita, usuario_crea, usuario_edita, motivo_reasignacion) VALUES (36, 22, 10, 14, 7, 5, NULL, 'asda', 'asdasd', 1, '2014-03-07 09:19:34.153', NULL, 'admin', NULL, NULL);
INSERT INTO sgp_hallazgo (id_hallazgo, id_caso_prueba, tipo_hallazgo, causa_generacion, severidad, prioridad, causa_anulacion, titulo, descripcion, ind_activo, fec_creacion, fec_edita, usuario_crea, usuario_edita, motivo_reasignacion) VALUES (41, 22, 10, 15, 7, 4, NULL, 'asdasd', 'asdasdas', 1, '2014-03-07 14:29:11.33', NULL, 'anonymousUser', NULL, NULL);
INSERT INTO sgp_hallazgo (id_hallazgo, id_caso_prueba, tipo_hallazgo, causa_generacion, severidad, prioridad, causa_anulacion, titulo, descripcion, ind_activo, fec_creacion, fec_edita, usuario_crea, usuario_edita, motivo_reasignacion) VALUES (42, 22, 10, 14, 7, 6, NULL, 'dfhgdfh', 'dgdfgdf', 1, '2014-03-07 14:38:00.369', NULL, 'admin', NULL, NULL);
INSERT INTO sgp_hallazgo (id_hallazgo, id_caso_prueba, tipo_hallazgo, causa_generacion, severidad, prioridad, causa_anulacion, titulo, descripcion, ind_activo, fec_creacion, fec_edita, usuario_crea, usuario_edita, motivo_reasignacion) VALUES (44, 22, 10, 14, 7, 5, NULL, 'asdsad', 'asdasd', 1, '2014-03-07 18:00:39.81', NULL, 'admin', NULL, NULL);
INSERT INTO sgp_hallazgo (id_hallazgo, id_caso_prueba, tipo_hallazgo, causa_generacion, severidad, prioridad, causa_anulacion, titulo, descripcion, ind_activo, fec_creacion, fec_edita, usuario_crea, usuario_edita, motivo_reasignacion) VALUES (46, 22, 10, 15, 8, 5, NULL, 'sdfsd', 'sdfsdf', 1, '2014-03-08 14:35:41.587', NULL, 'admin', NULL, NULL);
INSERT INTO sgp_hallazgo (id_hallazgo, id_caso_prueba, tipo_hallazgo, causa_generacion, severidad, prioridad, causa_anulacion, titulo, descripcion, ind_activo, fec_creacion, fec_edita, usuario_crea, usuario_edita, motivo_reasignacion) VALUES (48, 22, 10, 14, 8, 5, NULL, 'safasdas', 'asdsad', 1, '2014-03-08 14:52:52.439', NULL, 'admin', NULL, NULL);
INSERT INTO sgp_hallazgo (id_hallazgo, id_caso_prueba, tipo_hallazgo, causa_generacion, severidad, prioridad, causa_anulacion, titulo, descripcion, ind_activo, fec_creacion, fec_edita, usuario_crea, usuario_edita, motivo_reasignacion) VALUES (49, 22, 10, 14, 7, 5, NULL, 'dgsg', 'sdgsgsd', 1, '2014-03-08 14:58:41.55', NULL, 'admin', NULL, NULL);
INSERT INTO sgp_hallazgo (id_hallazgo, id_caso_prueba, tipo_hallazgo, causa_generacion, severidad, prioridad, causa_anulacion, titulo, descripcion, ind_activo, fec_creacion, fec_edita, usuario_crea, usuario_edita, motivo_reasignacion) VALUES (50, 22, 11, 14, 8, 6, NULL, 'wrwer', 'werwerwer', 1, '2014-03-08 15:02:01.833', NULL, 'admin', NULL, NULL);
INSERT INTO sgp_hallazgo (id_hallazgo, id_caso_prueba, tipo_hallazgo, causa_generacion, severidad, prioridad, causa_anulacion, titulo, descripcion, ind_activo, fec_creacion, fec_edita, usuario_crea, usuario_edita, motivo_reasignacion) VALUES (51, 22, 10, 14, 8, 5, NULL, 'tyut', 'tyuytu', 1, '2014-03-08 15:20:52.791', NULL, 'admin', NULL, NULL);
INSERT INTO sgp_hallazgo (id_hallazgo, id_caso_prueba, tipo_hallazgo, causa_generacion, severidad, prioridad, causa_anulacion, titulo, descripcion, ind_activo, fec_creacion, fec_edita, usuario_crea, usuario_edita, motivo_reasignacion) VALUES (52, 22, 10, 14, 7, 6, NULL, 'sdfs', 'sdfsdf', 1, '2014-03-08 15:34:57.9', NULL, 'admin', NULL, NULL);
INSERT INTO sgp_hallazgo (id_hallazgo, id_caso_prueba, tipo_hallazgo, causa_generacion, severidad, prioridad, causa_anulacion, titulo, descripcion, ind_activo, fec_creacion, fec_edita, usuario_crea, usuario_edita, motivo_reasignacion) VALUES (53, 22, 10, 14, 7, 5, NULL, 'ertert', 'ertrete', 1, '2014-03-08 15:38:14.54', NULL, 'admin', NULL, NULL);
INSERT INTO sgp_hallazgo (id_hallazgo, id_caso_prueba, tipo_hallazgo, causa_generacion, severidad, prioridad, causa_anulacion, titulo, descripcion, ind_activo, fec_creacion, fec_edita, usuario_crea, usuario_edita, motivo_reasignacion) VALUES (54, 22, 10, 15, 7, 6, NULL, 'werwer', 'werwerwer', 1, '2014-03-08 15:59:58.05', NULL, 'admin', NULL, NULL);
INSERT INTO sgp_hallazgo (id_hallazgo, id_caso_prueba, tipo_hallazgo, causa_generacion, severidad, prioridad, causa_anulacion, titulo, descripcion, ind_activo, fec_creacion, fec_edita, usuario_crea, usuario_edita, motivo_reasignacion) VALUES (63, 5, 10, 14, 7, 6, NULL, 'dgdg', 'dfgdfgdfg', 1, '2014-03-26 09:52:44.896', NULL, 'admin', NULL, NULL);
INSERT INTO sgp_hallazgo (id_hallazgo, id_caso_prueba, tipo_hallazgo, causa_generacion, severidad, prioridad, causa_anulacion, titulo, descripcion, ind_activo, fec_creacion, fec_edita, usuario_crea, usuario_edita, motivo_reasignacion) VALUES (7, 12, 10, 15, 8, 5, 17, 'asdsa', 'asdasd', 1, '2014-03-03 18:12:24.02', NULL, 'admin', NULL, NULL);
INSERT INTO sgp_hallazgo (id_hallazgo, id_caso_prueba, tipo_hallazgo, causa_generacion, severidad, prioridad, causa_anulacion, titulo, descripcion, ind_activo, fec_creacion, fec_edita, usuario_crea, usuario_edita, motivo_reasignacion) VALUES (5, 5, 10, 14, 7, 5, 17, 'sfdsf', 'sdfsdf', 1, '2014-03-03 17:27:06.424', NULL, 'admin', NULL, NULL);
INSERT INTO sgp_hallazgo (id_hallazgo, id_caso_prueba, tipo_hallazgo, causa_generacion, severidad, prioridad, causa_anulacion, titulo, descripcion, ind_activo, fec_creacion, fec_edita, usuario_crea, usuario_edita, motivo_reasignacion) VALUES (1, 5, 10, 14, 8, 6, 18, 'prueba1', 'otra prueba1', 1, '2014-02-25 00:00:00', '2014-03-27 09:17:18.381', 'admin', 'admin', NULL);
INSERT INTO sgp_hallazgo (id_hallazgo, id_caso_prueba, tipo_hallazgo, causa_generacion, severidad, prioridad, causa_anulacion, titulo, descripcion, ind_activo, fec_creacion, fec_edita, usuario_crea, usuario_edita, motivo_reasignacion) VALUES (55, 22, 10, 15, 7, 6, NULL, 'Hallazgo que Permite Revisar las Pruebas de Edición', 'Viernessss :) Viernessss :) Viernessss :) Viernessss :) Viernessss :) Viernessss :) Viernessss :) Viernessss :) Viernessss :) Viernessss :) Viernessss :) Viernessss :) Viernessss :) ', 1, '2014-03-08 16:07:38.109', '2014-04-04 16:13:02.419', 'admin', 'Valeria.Vasquez', NULL);
INSERT INTO sgp_hallazgo (id_hallazgo, id_caso_prueba, tipo_hallazgo, causa_generacion, severidad, prioridad, causa_anulacion, titulo, descripcion, ind_activo, fec_creacion, fec_edita, usuario_crea, usuario_edita, motivo_reasignacion) VALUES (68, 5, 10, 14, 7, 4, NULL, 'sgsdg', 'ghkghk', 1, '2014-03-31 17:35:51.648', NULL, 'anonymousUser', NULL, 30);
INSERT INTO sgp_hallazgo (id_hallazgo, id_caso_prueba, tipo_hallazgo, causa_generacion, severidad, prioridad, causa_anulacion, titulo, descripcion, ind_activo, fec_creacion, fec_edita, usuario_crea, usuario_edita, motivo_reasignacion) VALUES (56, 247, 11, 15, 8, 4, 17, 'Titulo Hallazgo Prueba', 'sdfsdf', 1, '2014-03-09 11:52:50.871', '2014-03-25 18:22:13.1', 'admin', 'admin', NULL);
INSERT INTO sgp_hallazgo (id_hallazgo, id_caso_prueba, tipo_hallazgo, causa_generacion, severidad, prioridad, causa_anulacion, titulo, descripcion, ind_activo, fec_creacion, fec_edita, usuario_crea, usuario_edita, motivo_reasignacion) VALUES (57, 247, 10, 14, 7, 6, NULL, 'asdasd', 'fhdfhf', 1, '2014-03-09 13:07:34.887', '2014-03-25 15:33:31.65', 'admin', 'admin', NULL);
INSERT INTO sgp_hallazgo (id_hallazgo, id_caso_prueba, tipo_hallazgo, causa_generacion, severidad, prioridad, causa_anulacion, titulo, descripcion, ind_activo, fec_creacion, fec_edita, usuario_crea, usuario_edita, motivo_reasignacion) VALUES (60, 22, 10, 14, 7, 6, NULL, 'sdfsdf', 'prueba de envio de correo', 1, '2014-03-10 10:29:42.417', NULL, 'admin', NULL, NULL);
INSERT INTO sgp_hallazgo (id_hallazgo, id_caso_prueba, tipo_hallazgo, causa_generacion, severidad, prioridad, causa_anulacion, titulo, descripcion, ind_activo, fec_creacion, fec_edita, usuario_crea, usuario_edita, motivo_reasignacion) VALUES (61, 22, 10, 15, 8, 6, NULL, 'dfgdfgdfgfd', 'Prueba enlace hallazgo en el correo', 1, '2014-03-10 10:37:58.619', NULL, 'admin', NULL, NULL);


--
-- TOC entry 2055 (class 0 OID 28199)
-- Dependencies: 162 2063 2075
-- Data for Name: sgp_anexo_hallazgo; Type: TABLE DATA; Schema: public; Owner: sgpdesa
--

INSERT INTO sgp_anexo_hallazgo (id_anexo_hallazgo, id_hallazgo, ruta, ind_activo, fec_creacion, fec_edita, usuario_crea, usuario_edita) VALUES (4, 24, 'C:\Users\PC\Pictures/13941368294291392912930030npm.jpg', 1, '2014-03-06 15:13:49.431', NULL, 'admin', NULL);
INSERT INTO sgp_anexo_hallazgo (id_anexo_hallazgo, id_hallazgo, ruta, ind_activo, fec_creacion, fec_edita, usuario_crea, usuario_edita) VALUES (5, 25, 'C:\Users\PC\Pictures/13941370910531394136565559v8.jpg', 1, '2014-03-06 15:18:11.06', NULL, 'admin', NULL);
INSERT INTO sgp_anexo_hallazgo (id_anexo_hallazgo, id_hallazgo, ruta, ind_activo, fec_creacion, fec_edita, usuario_crea, usuario_edita) VALUES (6, 26, 'C:\Users\PC\Pictures/13941377702201392912930030npm.jpg', 1, '2014-03-06 15:29:30.224', NULL, 'admin', NULL);
INSERT INTO sgp_anexo_hallazgo (id_anexo_hallazgo, id_hallazgo, ruta, ind_activo, fec_creacion, fec_edita, usuario_crea, usuario_edita) VALUES (7, 27, 'C:\Users\PC\Pictures/13941381524391394136565559v8.jpg', 1, '2014-03-06 15:35:52.441', NULL, 'admin', NULL);
INSERT INTO sgp_anexo_hallazgo (id_anexo_hallazgo, id_hallazgo, ruta, ind_activo, fec_creacion, fec_edita, usuario_crea, usuario_edita) VALUES (8, 28, 'C:\Users\PC\Pictures/1394138463748cmo638_alter_bitacoracm.sql', 1, '2014-03-06 15:41:03.75', NULL, 'admin', NULL);
INSERT INTO sgp_anexo_hallazgo (id_anexo_hallazgo, id_hallazgo, ruta, ind_activo, fec_creacion, fec_edita, usuario_crea, usuario_edita) VALUES (9, 29, 'C:\Users\PC\Pictures/1394138578613glyphicons-halflings-regular.woff', 1, '2014-03-06 15:42:58.619', NULL, 'admin', NULL);
INSERT INTO sgp_anexo_hallazgo (id_anexo_hallazgo, id_hallazgo, ruta, ind_activo, fec_creacion, fec_edita, usuario_crea, usuario_edita) VALUES (10, 30, 'C:\Users\PC\Pictures/1394139069522glyphicons-halflings-regular.ttf', 1, '2014-03-06 15:51:09.532', NULL, 'admin', NULL);
INSERT INTO sgp_anexo_hallazgo (id_anexo_hallazgo, id_hallazgo, ruta, ind_activo, fec_creacion, fec_edita, usuario_crea, usuario_edita) VALUES (11, 31, 'C:\Users\PC\Pictures/1394139200057glyphicons-halflings-regular.ttf', 1, '2014-03-06 15:53:20.064', NULL, 'admin', NULL);
INSERT INTO sgp_anexo_hallazgo (id_anexo_hallazgo, id_hallazgo, ruta, ind_activo, fec_creacion, fec_edita, usuario_crea, usuario_edita) VALUES (15, 35, 'C:\Users\PC\Pictures/13942016502861392912930030npm.jpg', 1, '2014-03-07 09:14:10.295', NULL, 'admin', NULL);
INSERT INTO sgp_anexo_hallazgo (id_anexo_hallazgo, id_hallazgo, ruta, ind_activo, fec_creacion, fec_edita, usuario_crea, usuario_edita) VALUES (16, 36, 'C:\Users\PC\Pictures/13942019743871394136565559v8.jpg', 1, '2014-03-07 09:19:34.392', NULL, 'admin', NULL);
INSERT INTO sgp_anexo_hallazgo (id_anexo_hallazgo, id_hallazgo, ruta, ind_activo, fec_creacion, fec_edita, usuario_crea, usuario_edita) VALUES (18, 38, 'C:\Users\PC\Pictures/13942029211351392914459007flujo.png', 1, '2014-03-07 09:35:21.14', NULL, 'admin', NULL);
INSERT INTO sgp_anexo_hallazgo (id_anexo_hallazgo, id_hallazgo, ruta, ind_activo, fec_creacion, fec_edita, usuario_crea, usuario_edita) VALUES (19, 39, 'C:\Users\PC\Pictures/13942031442991394136565559v8.jpg', 1, '2014-03-07 09:39:04.305', NULL, 'anonymousUser', NULL);
INSERT INTO sgp_anexo_hallazgo (id_anexo_hallazgo, id_hallazgo, ruta, ind_activo, fec_creacion, fec_edita, usuario_crea, usuario_edita) VALUES (20, 40, 'C:\Users\PC\Pictures/13942049361701392912930030npm.jpg', 1, '2014-03-07 10:08:56.18', NULL, 'admin', NULL);
INSERT INTO sgp_anexo_hallazgo (id_anexo_hallazgo, id_hallazgo, ruta, ind_activo, fec_creacion, fec_edita, usuario_crea, usuario_edita) VALUES (21, 41, 'C:\Users\PC\Pictures/13942205515841392912930030npm.jpg', 1, '2014-03-07 14:29:11.59', NULL, 'anonymousUser', NULL);
INSERT INTO sgp_anexo_hallazgo (id_anexo_hallazgo, id_hallazgo, ruta, ind_activo, fec_creacion, fec_edita, usuario_crea, usuario_edita) VALUES (22, 42, 'C:\Users\PC\Pictures/13942210808871392912930030npm.jpg', 1, '2014-03-07 14:38:00.893', NULL, 'admin', NULL);
INSERT INTO sgp_anexo_hallazgo (id_anexo_hallazgo, id_hallazgo, ruta, ind_activo, fec_creacion, fec_edita, usuario_crea, usuario_edita) VALUES (23, 43, 'C:\Users\PC\Pictures/13942211696251392912930030npm.jpg', 1, '2014-03-07 14:39:29.629', NULL, 'admin', NULL);
INSERT INTO sgp_anexo_hallazgo (id_anexo_hallazgo, id_hallazgo, ruta, ind_activo, fec_creacion, fec_edita, usuario_crea, usuario_edita) VALUES (24, 44, 'C:\Users\PC\Pictures/13942332399961392912930030npm.jpg', 1, '2014-03-07 18:00:40', NULL, 'admin', NULL);
INSERT INTO sgp_anexo_hallazgo (id_anexo_hallazgo, id_hallazgo, ruta, ind_activo, fec_creacion, fec_edita, usuario_crea, usuario_edita) VALUES (25, 45, 'C:\Users\PC\Pictures/13943067644091394138463748cmo638_alter_bitacoracm.sql', 1, '2014-03-08 14:26:04.415', NULL, 'admin', NULL);
INSERT INTO sgp_anexo_hallazgo (id_anexo_hallazgo, id_hallazgo, ruta, ind_activo, fec_creacion, fec_edita, usuario_crea, usuario_edita) VALUES (26, 46, 'C:\Users\PC\Pictures/13943073418371392912930030npm.jpg', 1, '2014-03-08 14:35:41.843', NULL, 'admin', NULL);
INSERT INTO sgp_anexo_hallazgo (id_anexo_hallazgo, id_hallazgo, ruta, ind_activo, fec_creacion, fec_edita, usuario_crea, usuario_edita) VALUES (27, 47, 'C:\Users\PC\Pictures/13943079747041394139069522glyphicons-halflings-regular.ttf', 1, '2014-03-08 14:46:14.718', NULL, 'admin', NULL);
INSERT INTO sgp_anexo_hallazgo (id_anexo_hallazgo, id_hallazgo, ruta, ind_activo, fec_creacion, fec_edita, usuario_crea, usuario_edita) VALUES (28, 48, 'C:\Users\PC\Pictures/13943083727101394139069522glyphicons-halflings-regular.ttf', 1, '2014-03-08 14:52:52.719', NULL, 'admin', NULL);
INSERT INTO sgp_anexo_hallazgo (id_anexo_hallazgo, id_hallazgo, ruta, ind_activo, fec_creacion, fec_edita, usuario_crea, usuario_edita) VALUES (29, 49, 'C:\Users\PC\Pictures/13943087217291392912930030npm.jpg', 1, '2014-03-08 14:58:41.734', NULL, 'admin', NULL);
INSERT INTO sgp_anexo_hallazgo (id_anexo_hallazgo, id_hallazgo, ruta, ind_activo, fec_creacion, fec_edita, usuario_crea, usuario_edita) VALUES (30, 50, 'C:\Users\PC\Pictures/13943089220781392912930030npm.jpg', 1, '2014-03-08 15:02:02.085', NULL, 'admin', NULL);
INSERT INTO sgp_anexo_hallazgo (id_anexo_hallazgo, id_hallazgo, ruta, ind_activo, fec_creacion, fec_edita, usuario_crea, usuario_edita) VALUES (31, 51, 'C:\Users\PC\Pictures/13943100530441392914459007flujo.png', 1, '2014-03-08 15:20:53.049', NULL, 'admin', NULL);
INSERT INTO sgp_anexo_hallazgo (id_anexo_hallazgo, id_hallazgo, ruta, ind_activo, fec_creacion, fec_edita, usuario_crea, usuario_edita) VALUES (32, 52, 'C:\Users\PC\Pictures/13943108981291392912930030npm.jpg', 1, '2014-03-08 15:34:58.139', NULL, 'admin', NULL);
INSERT INTO sgp_anexo_hallazgo (id_anexo_hallazgo, id_hallazgo, ruta, ind_activo, fec_creacion, fec_edita, usuario_crea, usuario_edita) VALUES (33, 53, 'C:\Users\PC\Pictures/13943110948621392912930030npm.jpg', 1, '2014-03-08 15:38:14.868', NULL, 'admin', NULL);
INSERT INTO sgp_anexo_hallazgo (id_anexo_hallazgo, id_hallazgo, ruta, ind_activo, fec_creacion, fec_edita, usuario_crea, usuario_edita) VALUES (34, 54, 'C:\Users\PC\Pictures/13943123982821394139069522glyphicons-halflings-regular.ttf', 1, '2014-03-08 15:59:58.292', NULL, 'admin', NULL);
INSERT INTO sgp_anexo_hallazgo (id_anexo_hallazgo, id_hallazgo, ruta, ind_activo, fec_creacion, fec_edita, usuario_crea, usuario_edita) VALUES (35, 55, 'C:\Users\PC\Pictures/13943128583311392912930030npm.jpg', 1, '2014-03-08 16:07:38.336', NULL, 'admin', NULL);
INSERT INTO sgp_anexo_hallazgo (id_anexo_hallazgo, id_hallazgo, ruta, ind_activo, fec_creacion, fec_edita, usuario_crea, usuario_edita) VALUES (36, 56, 'C:\Users\PC\Pictures/13943839710871392912930030npm.jpg', 1, '2014-03-09 11:52:51.12', NULL, 'admin', NULL);
INSERT INTO sgp_anexo_hallazgo (id_anexo_hallazgo, id_hallazgo, ruta, ind_activo, fec_creacion, fec_edita, usuario_crea, usuario_edita) VALUES (37, 57, 'C:\Users\PC\Pictures/13943884551061392912930030npm.jpg', 1, '2014-03-09 13:07:35.108', NULL, 'admin', NULL);
INSERT INTO sgp_anexo_hallazgo (id_anexo_hallazgo, id_hallazgo, ruta, ind_activo, fec_creacion, fec_edita, usuario_crea, usuario_edita) VALUES (40, 60, 'C:\Users\PC\Pictures/13944653825711394136565559v8.jpg', 1, '2014-03-10 10:29:42.576', NULL, 'admin', NULL);
INSERT INTO sgp_anexo_hallazgo (id_anexo_hallazgo, id_hallazgo, ruta, ind_activo, fec_creacion, fec_edita, usuario_crea, usuario_edita) VALUES (41, 61, 'C:\Users\PC\Pictures/13944658796361392912930030npm.jpg', 1, '2014-03-10 10:37:59.64', NULL, 'admin', NULL);
INSERT INTO sgp_anexo_hallazgo (id_anexo_hallazgo, id_hallazgo, ruta, ind_activo, fec_creacion, fec_edita, usuario_crea, usuario_edita) VALUES (45, 1, 'C:\Users\PC\Pictures/139455686776613929238246261392914459007flujo.png', 1, '2014-03-11 11:54:27.767', NULL, 'admin', NULL);
INSERT INTO sgp_anexo_hallazgo (id_anexo_hallazgo, id_hallazgo, ruta, ind_activo, fec_creacion, fec_edita, usuario_crea, usuario_edita) VALUES (46, 1, 'C:\Users\PC\Pictures/13945755825671394138463748cmo638_alter_bitacoracm.sql', 1, '2014-03-11 17:06:22.57', NULL, 'admin', NULL);
INSERT INTO sgp_anexo_hallazgo (id_anexo_hallazgo, id_hallazgo, ruta, ind_activo, fec_creacion, fec_edita, usuario_crea, usuario_edita) VALUES (48, 1, '3016 Ajustar Tamaño de la Grilla.png', 1, '2014-03-11 20:38:53.095', NULL, 'admin', NULL);
INSERT INTO sgp_anexo_hallazgo (id_anexo_hallazgo, id_hallazgo, ruta, ind_activo, fec_creacion, fec_edita, usuario_crea, usuario_edita) VALUES (49, 62, '001.gif', 1, '2014-03-11 20:48:56.098', NULL, 'admin', NULL);
INSERT INTO sgp_anexo_hallazgo (id_anexo_hallazgo, id_hallazgo, ruta, ind_activo, fec_creacion, fec_edita, usuario_crea, usuario_edita) VALUES (50, 1, 'turtle.jpg', 1, '2014-03-12 10:17:51.812', NULL, 'admin', NULL);
INSERT INTO sgp_anexo_hallazgo (id_anexo_hallazgo, id_hallazgo, ruta, ind_activo, fec_creacion, fec_edita, usuario_crea, usuario_edita) VALUES (51, 1, '1394136565559v8.jpg', 1, '2014-03-12 11:02:42.703', NULL, 'admin', NULL);
INSERT INTO sgp_anexo_hallazgo (id_anexo_hallazgo, id_hallazgo, ruta, ind_activo, fec_creacion, fec_edita, usuario_crea, usuario_edita) VALUES (52, 1, '1392914459007flujo.png', 1, '2014-03-12 11:03:44.811', NULL, 'admin', NULL);
INSERT INTO sgp_anexo_hallazgo (id_anexo_hallazgo, id_hallazgo, ruta, ind_activo, fec_creacion, fec_edita, usuario_crea, usuario_edita) VALUES (53, 1, '1394136565559v8.jpg', 1, '2014-03-12 11:04:42.04', NULL, 'admin', NULL);
INSERT INTO sgp_anexo_hallazgo (id_anexo_hallazgo, id_hallazgo, ruta, ind_activo, fec_creacion, fec_edita, usuario_crea, usuario_edita) VALUES (57, 56, 'Certificado_Android.pdf', 1, '2014-03-18 16:48:39.036', NULL, 'admin', NULL);


--
-- TOC entry 2061 (class 0 OID 28235)
-- Dependencies: 168 2075
-- Data for Name: sgp_estado_flujo; Type: TABLE DATA; Schema: public; Owner: sgpdesa
--

INSERT INTO sgp_estado_flujo (id_estado_flujo, flujo_actual, flujo_siguiente, tipo_hallazgo, ind_activo, fec_creacion, fec_edita, usuario_crea, usuario_edita) VALUES (1, 19, 20, 10, 1, '2014-01-20 11:50:00', NULL, 'admin', NULL);
INSERT INTO sgp_estado_flujo (id_estado_flujo, flujo_actual, flujo_siguiente, tipo_hallazgo, ind_activo, fec_creacion, fec_edita, usuario_crea, usuario_edita) VALUES (4, 20, 23, 10, 1, '2014-01-20 11:50:00', NULL, 'admin', NULL);
INSERT INTO sgp_estado_flujo (id_estado_flujo, flujo_actual, flujo_siguiente, tipo_hallazgo, ind_activo, fec_creacion, fec_edita, usuario_crea, usuario_edita) VALUES (3, 20, 22, 10, 1, '2014-01-20 11:50:00', NULL, 'admin', NULL);
INSERT INTO sgp_estado_flujo (id_estado_flujo, flujo_actual, flujo_siguiente, tipo_hallazgo, ind_activo, fec_creacion, fec_edita, usuario_crea, usuario_edita) VALUES (2, 19, 21, 10, 1, '2014-01-20 11:50:00', NULL, 'admin', NULL);
INSERT INTO sgp_estado_flujo (id_estado_flujo, flujo_actual, flujo_siguiente, tipo_hallazgo, ind_activo, fec_creacion, fec_edita, usuario_crea, usuario_edita) VALUES (5, 21, 24, 10, 1, '2014-01-20 11:50:00', NULL, 'admin', NULL);
INSERT INTO sgp_estado_flujo (id_estado_flujo, flujo_actual, flujo_siguiente, tipo_hallazgo, ind_activo, fec_creacion, fec_edita, usuario_crea, usuario_edita) VALUES (6, 21, 25, 10, 1, '2014-01-20 11:50:00', NULL, 'admin', NULL);
INSERT INTO sgp_estado_flujo (id_estado_flujo, flujo_actual, flujo_siguiente, tipo_hallazgo, ind_activo, fec_creacion, fec_edita, usuario_crea, usuario_edita) VALUES (7, 22, 20, 10, 1, '2014-01-20 11:50:00', NULL, 'admin', NULL);
INSERT INTO sgp_estado_flujo (id_estado_flujo, flujo_actual, flujo_siguiente, tipo_hallazgo, ind_activo, fec_creacion, fec_edita, usuario_crea, usuario_edita) VALUES (8, 21, 19, 10, 1, '2014-01-20 11:50:00', NULL, 'admin', NULL);


--
-- TOC entry 2072 (class 0 OID 28292)
-- Dependencies: 179 2075
-- Data for Name: sgp_usuario; Type: TABLE DATA; Schema: public; Owner: sgpdesa
--

INSERT INTO sgp_usuario (id_usuario, nombre, empresa, cargo, login, correo, telefono, ind_activo, fec_creacion, fec_edita, usuario_edita, usuario_crea) VALUES (3, 'Hayley Atwell', 'The Pillars of the Earth', 'Analista Funcional', '333', 'wisdom.dev@gmail.com', '3187517541', 1, '2014-01-20 11:50:00', NULL, NULL, NULL);
INSERT INTO sgp_usuario (id_usuario, nombre, empresa, cargo, login, correo, telefono, ind_activo, fec_creacion, fec_edita, usuario_edita, usuario_crea) VALUES (35, 'fer', 'no se', 'lavaplatos', 'fercho', 'wisdom.dev@gmail.com', '3333333', 1, '2013-12-13 08:09:13.02', NULL, NULL, 'anonymousUser');
INSERT INTO sgp_usuario (id_usuario, nombre, empresa, cargo, login, correo, telefono, ind_activo, fec_creacion, fec_edita, usuario_edita, usuario_crea) VALUES (36, 'hernan david ramirez', 'premize', 'ingeniero', 'herdaram', 'wisdom.dev@gmail.com', '11113445', 1, '2014-02-18 09:08:32.643', '2014-02-19 17:42:44.285', 'admin', 'anonymousUser');
INSERT INTO sgp_usuario (id_usuario, nombre, empresa, cargo, login, correo, telefono, ind_activo, fec_creacion, fec_edita, usuario_edita, usuario_crea) VALUES (37, 'hernan david ramirez', 'premize', 'ingeniero', 'david85', 'wisdom.dev@gmail.com', '987765', 1, '2014-02-18 09:17:33.937', '2014-02-19 17:38:08.537', 'admin', 'anonymousUser');
INSERT INTO sgp_usuario (id_usuario, nombre, empresa, cargo, login, correo, telefono, ind_activo, fec_creacion, fec_edita, usuario_edita, usuario_crea) VALUES (38, 'sdgfsg', 'sdfdsf', 'sdfdsf', 'sfsdf', 'wisdom.dev@gmail.com', '3464', 0, '2014-02-19 17:43:00.26', '2014-02-26 17:52:42.653', 'admin', 'admin');
INSERT INTO sgp_usuario (id_usuario, nombre, empresa, cargo, login, correo, telefono, ind_activo, fec_creacion, fec_edita, usuario_edita, usuario_crea) VALUES (39, 'wwwww ww', 'ww', 'ww', '222', 'wisdom.dev@gmail.com', '123456', 1, '2014-02-25 18:40:53.047', '2014-03-06 15:42:16.627', 'admin', 'admin');
INSERT INTO sgp_usuario (id_usuario, nombre, empresa, cargo, login, correo, telefono, ind_activo, fec_creacion, fec_edita, usuario_edita, usuario_crea) VALUES (40, 'sfsdfrree', 'sdfsdf', 'sdfsdf', 'asfasf', 'wisdom.dev@gmail.com', '', 1, '2014-02-26 09:17:00.379', '2014-02-26 17:50:43.769', 'admin', 'anonymousUser');
INSERT INTO sgp_usuario (id_usuario, nombre, empresa, cargo, login, correo, telefono, ind_activo, fec_creacion, fec_edita, usuario_edita, usuario_crea) VALUES (41, 'asdas', 'dasdas', 'sadas', 'sdfs', 'wisdom.dev@gmail.com', '0', 1, '2014-02-26 09:17:49.629', NULL, NULL, 'anonymousUser');
INSERT INTO sgp_usuario (id_usuario, nombre, empresa, cargo, login, correo, telefono, ind_activo, fec_creacion, fec_edita, usuario_edita, usuario_crea) VALUES (42, 'sdfsdfdsf', 'sdfsdf', 'dsfsf', 'dfgdfg', 'wisdom.dev@gmail.com', '0', 1, '2014-02-26 09:18:20.269', NULL, NULL, 'anonymousUser');
INSERT INTO sgp_usuario (id_usuario, nombre, empresa, cargo, login, correo, telefono, ind_activo, fec_creacion, fec_edita, usuario_edita, usuario_crea) VALUES (43, 'jhgjh', 'klhlk', 'kjgkj', 'dfgg', 'wisdom.dev@gmail.com', '', 1, '2014-02-26 09:44:25.948', NULL, NULL, 'anonymousUser');
INSERT INTO sgp_usuario (id_usuario, nombre, empresa, cargo, login, correo, telefono, ind_activo, fec_creacion, fec_edita, usuario_edita, usuario_crea) VALUES (44, 'skjhfkhak', 'fdgfg', 'dfsdsgdgfd', 'fdgdfg', 'wisdom.dev@gmail.com', '', 1, '2014-02-26 17:51:19.722', NULL, NULL, 'admin');
INSERT INTO sgp_usuario (id_usuario, nombre, empresa, cargo, login, correo, telefono, ind_activo, fec_creacion, fec_edita, usuario_edita, usuario_crea) VALUES (5, 'Danielle Campbell', 'The Originals', 'Analista Funcional', 'Valeria.Vasquez', 'wisdom.dev@gmail.com', '3187517541', 1, '2014-01-20 11:50:00', '2014-02-19 17:41:27.546', 'admin', NULL);
INSERT INTO sgp_usuario (id_usuario, nombre, empresa, cargo, login, correo, telefono, ind_activo, fec_creacion, fec_edita, usuario_edita, usuario_crea) VALUES (1, 'Claire Holt', 'The Originals', 'Analista Funcional', 'Edwin.Gomez', 'wisdom.dev@gmail.com', '4328767', 1, '2014-01-20 11:50:00', '2014-03-03 15:28:39.721', 'admin', NULL);
INSERT INTO sgp_usuario (id_usuario, nombre, empresa, cargo, login, correo, telefono, ind_activo, fec_creacion, fec_edita, usuario_edita, usuario_crea) VALUES (2, 'Ian Somerhalder', 'Lost', 'Ingeniero de Desarrollo', 'gfdf', 'alex11642@gmail.com', '3187517541', 1, '2014-01-20 11:50:00', NULL, NULL, NULL);
INSERT INTO sgp_usuario (id_usuario, nombre, empresa, cargo, login, correo, telefono, ind_activo, fec_creacion, fec_edita, usuario_edita, usuario_crea) VALUES (4, 'Joseph Morgan', 'The Originals', 'Ingeniero de Desarrollo', '444', 'alex11642@gmail.com', '3187517541', 1, '2014-01-20 11:50:00', NULL, NULL, NULL);


--
-- TOC entry 2062 (class 0 OID 28238)
-- Dependencies: 169 2063 2072 2072 2075
-- Data for Name: sgp_flujo_hallazgo; Type: TABLE DATA; Schema: public; Owner: sgpdesa
--

INSERT INTO sgp_flujo_hallazgo (id_flujo_hallazgo, id_hallazgo, id_usuario_asigna, id_usuario_asignado, observacion, ind_activo, fec_creacion, fec_edita, usuario_crea, usuario_edita, accion) VALUES (129, 57, 5, 2, 'fhdfhf', 1, '2014-04-10 11:46:39.609', NULL, 'Valeria.Vasquez', NULL, 21);
INSERT INTO sgp_flujo_hallazgo (id_flujo_hallazgo, id_hallazgo, id_usuario_asigna, id_usuario_asignado, observacion, ind_activo, fec_creacion, fec_edita, usuario_crea, usuario_edita, accion) VALUES (5, 5, 1, 1, 'afsafasfasfashdhrt', 1, '2014-03-03 17:28:02.202', NULL, 'admin', NULL, 26);
INSERT INTO sgp_flujo_hallazgo (id_flujo_hallazgo, id_hallazgo, id_usuario_asigna, id_usuario_asignado, observacion, ind_activo, fec_creacion, fec_edita, usuario_crea, usuario_edita, accion) VALUES (135, 68, 5, 1, 'BIEEEEEEEEn', 1, '2014-04-14 10:02:20.395', NULL, 'Valeria.Vasquez', NULL, 19);
INSERT INTO sgp_flujo_hallazgo (id_flujo_hallazgo, id_hallazgo, id_usuario_asigna, id_usuario_asignado, observacion, ind_activo, fec_creacion, fec_edita, usuario_crea, usuario_edita, accion) VALUES (139, 68, 5, 4, 'FFF', 1, '2014-04-14 10:50:23.828', NULL, 'Valeria.Vasquez', NULL, 19);
INSERT INTO sgp_flujo_hallazgo (id_flujo_hallazgo, id_hallazgo, id_usuario_asigna, id_usuario_asignado, observacion, ind_activo, fec_creacion, fec_edita, usuario_crea, usuario_edita, accion) VALUES (142, 68, 5, 3, 'fjfgjgfjfgj', 1, '2014-04-15 14:40:42.521', NULL, 'Valeria.Vasquez', NULL, 21);
INSERT INTO sgp_flujo_hallazgo (id_flujo_hallazgo, id_hallazgo, id_usuario_asigna, id_usuario_asignado, observacion, ind_activo, fec_creacion, fec_edita, usuario_crea, usuario_edita, accion) VALUES (146, 62, 5, 1, 'sdfsdfds', 1, '2014-04-23 11:18:30.824', NULL, 'Valeria.Vasquez', NULL, 19);
INSERT INTO sgp_flujo_hallazgo (id_flujo_hallazgo, id_hallazgo, id_usuario_asigna, id_usuario_asignado, observacion, ind_activo, fec_creacion, fec_edita, usuario_crea, usuario_edita, accion) VALUES (148, 62, 5, 1, 'asdsfdsf', 1, '2014-04-23 11:34:06.693', NULL, 'Valeria.Vasquez', NULL, 19);
INSERT INTO sgp_flujo_hallazgo (id_flujo_hallazgo, id_hallazgo, id_usuario_asigna, id_usuario_asignado, observacion, ind_activo, fec_creacion, fec_edita, usuario_crea, usuario_edita, accion) VALUES (132, 62, 5, 4, 'Prueba nueva cuenta de correo para las notificacioens', 1, '2014-04-11 11:05:57.819', NULL, 'Valeria.Vasquez', NULL, 19);
INSERT INTO sgp_flujo_hallazgo (id_flujo_hallazgo, id_hallazgo, id_usuario_asigna, id_usuario_asignado, observacion, ind_activo, fec_creacion, fec_edita, usuario_crea, usuario_edita, accion) VALUES (151, 62, 5, 1, 'LLLLLLL', 1, '2014-04-23 11:48:37.71', NULL, 'Valeria.Vasquez', NULL, 19);
INSERT INTO sgp_flujo_hallazgo (id_flujo_hallazgo, id_hallazgo, id_usuario_asigna, id_usuario_asignado, observacion, ind_activo, fec_creacion, fec_edita, usuario_crea, usuario_edita, accion) VALUES (20, 26, 2, 1, NULL, 1, '2014-03-06 15:29:30.141', NULL, 'admin', NULL, 26);
INSERT INTO sgp_flujo_hallazgo (id_flujo_hallazgo, id_hallazgo, id_usuario_asigna, id_usuario_asignado, observacion, ind_activo, fec_creacion, fec_edita, usuario_crea, usuario_edita, accion) VALUES (22, 28, 2, 4, NULL, 1, '2014-03-06 15:41:03.672', NULL, 'admin', NULL, 26);
INSERT INTO sgp_flujo_hallazgo (id_flujo_hallazgo, id_hallazgo, id_usuario_asigna, id_usuario_asignado, observacion, ind_activo, fec_creacion, fec_edita, usuario_crea, usuario_edita, accion) VALUES (24, 30, 2, 4, NULL, 1, '2014-03-06 15:51:09.448', NULL, 'admin', NULL, 26);
INSERT INTO sgp_flujo_hallazgo (id_flujo_hallazgo, id_hallazgo, id_usuario_asigna, id_usuario_asignado, observacion, ind_activo, fec_creacion, fec_edita, usuario_crea, usuario_edita, accion) VALUES (29, 35, 2, 3, NULL, 1, '2014-03-07 09:14:10.197', NULL, 'admin', NULL, 26);
INSERT INTO sgp_flujo_hallazgo (id_flujo_hallazgo, id_hallazgo, id_usuario_asigna, id_usuario_asignado, observacion, ind_activo, fec_creacion, fec_edita, usuario_crea, usuario_edita, accion) VALUES (30, 36, 2, 4, NULL, 1, '2014-03-07 09:19:34.302', NULL, 'admin', NULL, 26);
INSERT INTO sgp_flujo_hallazgo (id_flujo_hallazgo, id_hallazgo, id_usuario_asigna, id_usuario_asignado, observacion, ind_activo, fec_creacion, fec_edita, usuario_crea, usuario_edita, accion) VALUES (32, 38, 2, 4, NULL, 1, '2014-03-07 09:35:21.032', NULL, 'admin', NULL, 26);
INSERT INTO sgp_flujo_hallazgo (id_flujo_hallazgo, id_hallazgo, id_usuario_asigna, id_usuario_asignado, observacion, ind_activo, fec_creacion, fec_edita, usuario_crea, usuario_edita, accion) VALUES (33, 39, NULL, 3, NULL, 1, '2014-03-07 09:39:04.223', NULL, 'anonymousUser', NULL, 26);
INSERT INTO sgp_flujo_hallazgo (id_flujo_hallazgo, id_hallazgo, id_usuario_asigna, id_usuario_asignado, observacion, ind_activo, fec_creacion, fec_edita, usuario_crea, usuario_edita, accion) VALUES (34, 40, 2, 4, NULL, 1, '2014-03-07 10:08:56.091', NULL, 'admin', NULL, 26);
INSERT INTO sgp_flujo_hallazgo (id_flujo_hallazgo, id_hallazgo, id_usuario_asigna, id_usuario_asignado, observacion, ind_activo, fec_creacion, fec_edita, usuario_crea, usuario_edita, accion) VALUES (35, 41, NULL, 3, NULL, 1, '2014-03-07 14:29:11.48', NULL, 'anonymousUser', NULL, 26);
INSERT INTO sgp_flujo_hallazgo (id_flujo_hallazgo, id_hallazgo, id_usuario_asigna, id_usuario_asignado, observacion, ind_activo, fec_creacion, fec_edita, usuario_crea, usuario_edita, accion) VALUES (36, 42, 2, 4, NULL, 1, '2014-03-07 14:38:00.825', NULL, 'admin', NULL, 26);
INSERT INTO sgp_flujo_hallazgo (id_flujo_hallazgo, id_hallazgo, id_usuario_asigna, id_usuario_asignado, observacion, ind_activo, fec_creacion, fec_edita, usuario_crea, usuario_edita, accion) VALUES (37, 43, 2, 4, NULL, 1, '2014-03-07 14:39:29.537', NULL, 'admin', NULL, 26);
INSERT INTO sgp_flujo_hallazgo (id_flujo_hallazgo, id_hallazgo, id_usuario_asigna, id_usuario_asignado, observacion, ind_activo, fec_creacion, fec_edita, usuario_crea, usuario_edita, accion) VALUES (38, 44, 2, 4, NULL, 1, '2014-03-07 18:00:39.926', NULL, 'admin', NULL, 26);
INSERT INTO sgp_flujo_hallazgo (id_flujo_hallazgo, id_hallazgo, id_usuario_asigna, id_usuario_asignado, observacion, ind_activo, fec_creacion, fec_edita, usuario_crea, usuario_edita, accion) VALUES (39, 45, 2, 4, NULL, 1, '2014-03-08 14:26:04.296', NULL, 'admin', NULL, 26);
INSERT INTO sgp_flujo_hallazgo (id_flujo_hallazgo, id_hallazgo, id_usuario_asigna, id_usuario_asignado, observacion, ind_activo, fec_creacion, fec_edita, usuario_crea, usuario_edita, accion) VALUES (40, 46, 2, 4, NULL, 1, '2014-03-08 14:35:41.741', NULL, 'admin', NULL, 26);
INSERT INTO sgp_flujo_hallazgo (id_flujo_hallazgo, id_hallazgo, id_usuario_asigna, id_usuario_asignado, observacion, ind_activo, fec_creacion, fec_edita, usuario_crea, usuario_edita, accion) VALUES (41, 47, 2, 4, NULL, 1, '2014-03-08 14:46:14.627', NULL, 'admin', NULL, 26);
INSERT INTO sgp_flujo_hallazgo (id_flujo_hallazgo, id_hallazgo, id_usuario_asigna, id_usuario_asignado, observacion, ind_activo, fec_creacion, fec_edita, usuario_crea, usuario_edita, accion) VALUES (42, 48, 2, 3, NULL, 1, '2014-03-08 14:52:52.618', NULL, 'admin', NULL, 26);
INSERT INTO sgp_flujo_hallazgo (id_flujo_hallazgo, id_hallazgo, id_usuario_asigna, id_usuario_asignado, observacion, ind_activo, fec_creacion, fec_edita, usuario_crea, usuario_edita, accion) VALUES (43, 49, 2, 4, NULL, 1, '2014-03-08 14:58:41.663', NULL, 'admin', NULL, 26);
INSERT INTO sgp_flujo_hallazgo (id_flujo_hallazgo, id_hallazgo, id_usuario_asigna, id_usuario_asignado, observacion, ind_activo, fec_creacion, fec_edita, usuario_crea, usuario_edita, accion) VALUES (44, 50, 2, 4, NULL, 1, '2014-03-08 15:02:02.002', NULL, 'admin', NULL, 26);
INSERT INTO sgp_flujo_hallazgo (id_flujo_hallazgo, id_hallazgo, id_usuario_asigna, id_usuario_asignado, observacion, ind_activo, fec_creacion, fec_edita, usuario_crea, usuario_edita, accion) VALUES (45, 51, 2, 4, NULL, 1, '2014-03-08 15:20:52.951', NULL, 'admin', NULL, 26);
INSERT INTO sgp_flujo_hallazgo (id_flujo_hallazgo, id_hallazgo, id_usuario_asigna, id_usuario_asignado, observacion, ind_activo, fec_creacion, fec_edita, usuario_crea, usuario_edita, accion) VALUES (46, 52, 2, 3, NULL, 1, '2014-03-08 15:34:58.061', NULL, 'admin', NULL, 26);
INSERT INTO sgp_flujo_hallazgo (id_flujo_hallazgo, id_hallazgo, id_usuario_asigna, id_usuario_asignado, observacion, ind_activo, fec_creacion, fec_edita, usuario_crea, usuario_edita, accion) VALUES (47, 53, 2, 4, NULL, 1, '2014-03-08 15:38:14.741', NULL, 'admin', NULL, 26);
INSERT INTO sgp_flujo_hallazgo (id_flujo_hallazgo, id_hallazgo, id_usuario_asigna, id_usuario_asignado, observacion, ind_activo, fec_creacion, fec_edita, usuario_crea, usuario_edita, accion) VALUES (48, 54, 2, 1, NULL, 1, '2014-03-08 15:59:58.201', NULL, 'admin', NULL, 10);
INSERT INTO sgp_flujo_hallazgo (id_flujo_hallazgo, id_hallazgo, id_usuario_asigna, id_usuario_asignado, observacion, ind_activo, fec_creacion, fec_edita, usuario_crea, usuario_edita, accion) VALUES (51, 57, 2, 2, NULL, 1, '2014-03-09 13:07:35.027', NULL, 'admin', NULL, 19);
INSERT INTO sgp_flujo_hallazgo (id_flujo_hallazgo, id_hallazgo, id_usuario_asigna, id_usuario_asignado, observacion, ind_activo, fec_creacion, fec_edita, usuario_crea, usuario_edita, accion) VALUES (54, 60, 2, 3, NULL, 1, '2014-03-10 10:29:42.505', NULL, 'admin', NULL, 19);
INSERT INTO sgp_flujo_hallazgo (id_flujo_hallazgo, id_hallazgo, id_usuario_asigna, id_usuario_asignado, observacion, ind_activo, fec_creacion, fec_edita, usuario_crea, usuario_edita, accion) VALUES (55, 61, 2, 3, NULL, 1, '2014-03-10 10:37:59.377', NULL, 'admin', NULL, 19);
INSERT INTO sgp_flujo_hallazgo (id_flujo_hallazgo, id_hallazgo, id_usuario_asigna, id_usuario_asignado, observacion, ind_activo, fec_creacion, fec_edita, usuario_crea, usuario_edita, accion) VALUES (56, 1, 2, 1, 'otra prueba1', 1, '2014-03-10 19:54:17.989', NULL, 'admin', NULL, 26);
INSERT INTO sgp_flujo_hallazgo (id_flujo_hallazgo, id_hallazgo, id_usuario_asigna, id_usuario_asignado, observacion, ind_activo, fec_creacion, fec_edita, usuario_crea, usuario_edita, accion) VALUES (57, 1, 2, 4, '', 1, '2014-03-10 20:03:42.44', NULL, 'admin', NULL, 26);
INSERT INTO sgp_flujo_hallazgo (id_flujo_hallazgo, id_hallazgo, id_usuario_asigna, id_usuario_asignado, observacion, ind_activo, fec_creacion, fec_edita, usuario_crea, usuario_edita, accion) VALUES (58, 1, 2, 35, '', 1, '2014-03-10 20:05:07.92', NULL, 'admin', NULL, 26);
INSERT INTO sgp_flujo_hallazgo (id_flujo_hallazgo, id_hallazgo, id_usuario_asigna, id_usuario_asignado, observacion, ind_activo, fec_creacion, fec_edita, usuario_crea, usuario_edita, accion) VALUES (59, 1, 2, 4, 'asdasdsad', 1, '2014-03-10 20:07:23.455', NULL, 'admin', NULL, 26);
INSERT INTO sgp_flujo_hallazgo (id_flujo_hallazgo, id_hallazgo, id_usuario_asigna, id_usuario_asignado, observacion, ind_activo, fec_creacion, fec_edita, usuario_crea, usuario_edita, accion) VALUES (60, 1, 2, 35, 'sdfsdfsdf', 1, '2014-03-10 20:09:11.82', NULL, 'admin', NULL, 26);
INSERT INTO sgp_flujo_hallazgo (id_flujo_hallazgo, id_hallazgo, id_usuario_asigna, id_usuario_asignado, observacion, ind_activo, fec_creacion, fec_edita, usuario_crea, usuario_edita, accion) VALUES (61, 1, 2, 3, 'fgdfgdfg', 1, '2014-03-11 08:17:15.213', NULL, 'admin', NULL, 19);
INSERT INTO sgp_flujo_hallazgo (id_flujo_hallazgo, id_hallazgo, id_usuario_asigna, id_usuario_asignado, observacion, ind_activo, fec_creacion, fec_edita, usuario_crea, usuario_edita, accion) VALUES (62, 1, 2, 1, 'descripcion...', 1, '2014-03-11 20:42:00.956', NULL, 'admin', NULL, 20);
INSERT INTO sgp_flujo_hallazgo (id_flujo_hallazgo, id_hallazgo, id_usuario_asigna, id_usuario_asignado, observacion, ind_activo, fec_creacion, fec_edita, usuario_crea, usuario_edita, accion) VALUES (63, 1, 2, 1, 'gdfgdfgdfg', 1, '2014-03-11 20:44:26.673', NULL, 'admin', NULL, 22);
INSERT INTO sgp_flujo_hallazgo (id_flujo_hallazgo, id_hallazgo, id_usuario_asigna, id_usuario_asignado, observacion, ind_activo, fec_creacion, fec_edita, usuario_crea, usuario_edita, accion) VALUES (64, 62, 2, 1, 'sdfsdf', 1, '2014-03-11 20:48:55.877', NULL, 'admin', NULL, 19);
INSERT INTO sgp_flujo_hallazgo (id_flujo_hallazgo, id_hallazgo, id_usuario_asigna, id_usuario_asignado, observacion, ind_activo, fec_creacion, fec_edita, usuario_crea, usuario_edita, accion) VALUES (65, 1, 2, 3, 'asdsadsd', 1, '2014-03-12 10:16:23.575', NULL, 'admin', NULL, 20);
INSERT INTO sgp_flujo_hallazgo (id_flujo_hallazgo, id_hallazgo, id_usuario_asigna, id_usuario_asignado, observacion, ind_activo, fec_creacion, fec_edita, usuario_crea, usuario_edita, accion) VALUES (67, 1, 2, 3, 'asfafasf', 1, '2014-03-12 17:31:16.386', NULL, 'admin', NULL, 22);
INSERT INTO sgp_flujo_hallazgo (id_flujo_hallazgo, id_hallazgo, id_usuario_asigna, id_usuario_asignado, observacion, ind_activo, fec_creacion, fec_edita, usuario_crea, usuario_edita, accion) VALUES (69, 1, 2, 3, 'asfsaf', 1, '2014-03-12 17:42:46.094', NULL, 'admin', NULL, 20);
INSERT INTO sgp_flujo_hallazgo (id_flujo_hallazgo, id_hallazgo, id_usuario_asigna, id_usuario_asignado, observacion, ind_activo, fec_creacion, fec_edita, usuario_crea, usuario_edita, accion) VALUES (70, 1, 2, 3, 'SFSFDSFSDF', 1, '2014-03-12 18:01:57.825', NULL, 'admin', NULL, 22);
INSERT INTO sgp_flujo_hallazgo (id_flujo_hallazgo, id_hallazgo, id_usuario_asigna, id_usuario_asignado, observacion, ind_activo, fec_creacion, fec_edita, usuario_crea, usuario_edita, accion) VALUES (71, 1, 2, 3, 'sfsdfsdfsdf', 1, '2014-03-12 18:05:42.206', NULL, 'admin', NULL, 21);
INSERT INTO sgp_flujo_hallazgo (id_flujo_hallazgo, id_hallazgo, id_usuario_asigna, id_usuario_asignado, observacion, ind_activo, fec_creacion, fec_edita, usuario_crea, usuario_edita, accion) VALUES (72, 1, 2, 3, 'sfdsfsdfsfd', 1, '2014-03-12 18:29:44.125', NULL, 'admin', NULL, 22);
INSERT INTO sgp_flujo_hallazgo (id_flujo_hallazgo, id_hallazgo, id_usuario_asigna, id_usuario_asignado, observacion, ind_activo, fec_creacion, fec_edita, usuario_crea, usuario_edita, accion) VALUES (74, 1, 2, 3, 'ssdgsdg', 1, '2014-03-12 18:40:35.57', NULL, 'admin', NULL, 19);
INSERT INTO sgp_flujo_hallazgo (id_flujo_hallazgo, id_hallazgo, id_usuario_asigna, id_usuario_asignado, observacion, ind_activo, fec_creacion, fec_edita, usuario_crea, usuario_edita, accion) VALUES (75, 1, 2, 4, 'sdgsdgsdg', 1, '2014-03-12 18:41:24.291', NULL, 'admin', NULL, 21);
INSERT INTO sgp_flujo_hallazgo (id_flujo_hallazgo, id_hallazgo, id_usuario_asigna, id_usuario_asignado, observacion, ind_activo, fec_creacion, fec_edita, usuario_crea, usuario_edita, accion) VALUES (49, 55, 2, 1, 'Observación..', 1, '2014-03-08 16:07:38.233', NULL, 'admin', NULL, 19);
INSERT INTO sgp_flujo_hallazgo (id_flujo_hallazgo, id_hallazgo, id_usuario_asigna, id_usuario_asignado, observacion, ind_activo, fec_creacion, fec_edita, usuario_crea, usuario_edita, accion) VALUES (50, 56, 2, 2, 'Una Observación..', 1, '2014-03-09 11:52:50.972', NULL, 'admin', NULL, 19);
INSERT INTO sgp_flujo_hallazgo (id_flujo_hallazgo, id_hallazgo, id_usuario_asigna, id_usuario_asignado, observacion, ind_activo, fec_creacion, fec_edita, usuario_crea, usuario_edita, accion) VALUES (89, 55, 5, 1, '<<<<<<<<<<<<<<<<<<<<<<<<<<<<<<<<<<<<<<<<<<<<<<<<<<t< revidst la observcions', 1, '2014-04-04 15:12:44.474', NULL, 'Valeria.Vasquez', NULL, 20);
INSERT INTO sgp_flujo_hallazgo (id_flujo_hallazgo, id_hallazgo, id_usuario_asigna, id_usuario_asignado, observacion, ind_activo, fec_creacion, fec_edita, usuario_crea, usuario_edita, accion) VALUES (96, 56, NULL, 2, 'sdfsdfdsf', 1, '2014-04-04 15:55:35.991', NULL, 'Edwin.Gomez', NULL, 19);
INSERT INTO sgp_flujo_hallazgo (id_flujo_hallazgo, id_hallazgo, id_usuario_asigna, id_usuario_asignado, observacion, ind_activo, fec_creacion, fec_edita, usuario_crea, usuario_edita, accion) VALUES (97, 55, NULL, 4, 'Pruebas de Calidad - Vvsd', 1, '2014-04-04 15:57:49.1', NULL, 'Edwin.Gomez', NULL, 20);
INSERT INTO sgp_flujo_hallazgo (id_flujo_hallazgo, id_hallazgo, id_usuario_asigna, id_usuario_asignado, observacion, ind_activo, fec_creacion, fec_edita, usuario_crea, usuario_edita, accion) VALUES (98, 55, NULL, 1, 'Id del Hallazgo:	
55
Proyecto:	
MotorSoft
Estado:	
Reproceso
Mapa de Pruebas:	
Mapa totalmente
Artefacto:	
Artefacto 5
Usuario Actual:	
Hayley Atwell
Título:	
werwer
Severidad:	
Bloqueante
Empresa:	
Premize
Causa de Generación:	
Desarrollo en la Funcionalidad
Prioridad:	
Baja
Tipo de Hallazgo:	
No Conformidad
Causa de Anulación:	
Gestión del Hallazgo', 1, '2014-04-04 15:58:38.555', NULL, 'Edwin.Gomez', NULL, 22);
INSERT INTO sgp_flujo_hallazgo (id_flujo_hallazgo, id_hallazgo, id_usuario_asigna, id_usuario_asignado, observacion, ind_activo, fec_creacion, fec_edita, usuario_crea, usuario_edita, accion) VALUES (25, 31, 2, 3, 'dfhdfh', 1, '2014-03-06 15:53:19.989', NULL, 'admin', NULL, 26);
INSERT INTO sgp_flujo_hallazgo (id_flujo_hallazgo, id_hallazgo, id_usuario_asigna, id_usuario_asignado, observacion, ind_activo, fec_creacion, fec_edita, usuario_crea, usuario_edita, accion) VALUES (1, 1, 1, 1, NULL, 1, '2014-01-20 11:50:00', NULL, 'admin', NULL, 19);
INSERT INTO sgp_flujo_hallazgo (id_flujo_hallazgo, id_hallazgo, id_usuario_asigna, id_usuario_asignado, observacion, ind_activo, fec_creacion, fec_edita, usuario_crea, usuario_edita, accion) VALUES (4, 2, NULL, 1, NULL, 1, '2014-03-03 16:44:49.004', NULL, 'anonymousUser', NULL, 26);
INSERT INTO sgp_flujo_hallazgo (id_flujo_hallazgo, id_hallazgo, id_usuario_asigna, id_usuario_asignado, observacion, ind_activo, fec_creacion, fec_edita, usuario_crea, usuario_edita, accion) VALUES (6, 6, 1, 1, NULL, 1, '2014-03-03 18:05:19.512', NULL, 'admin', NULL, 26);
INSERT INTO sgp_flujo_hallazgo (id_flujo_hallazgo, id_hallazgo, id_usuario_asigna, id_usuario_asignado, observacion, ind_activo, fec_creacion, fec_edita, usuario_crea, usuario_edita, accion) VALUES (107, 55, 5, 1, 'Vuelve a Suceder', 1, '2014-04-04 16:12:10.015', NULL, 'Valeria.Vasquez', NULL, 22);
INSERT INTO sgp_flujo_hallazgo (id_flujo_hallazgo, id_hallazgo, id_usuario_asigna, id_usuario_asignado, observacion, ind_activo, fec_creacion, fec_edita, usuario_crea, usuario_edita, accion) VALUES (130, 60, 5, 4, 'prueba de envio de correo', 1, '2014-04-11 09:57:51.82', NULL, 'Valeria.Vasquez', NULL, 20);
INSERT INTO sgp_flujo_hallazgo (id_flujo_hallazgo, id_hallazgo, id_usuario_asigna, id_usuario_asignado, observacion, ind_activo, fec_creacion, fec_edita, usuario_crea, usuario_edita, accion) VALUES (133, 68, 5, 1, 'jyuygu', 1, '2014-04-14 08:51:31.674', NULL, 'Valeria.Vasquez', NULL, 21);
INSERT INTO sgp_flujo_hallazgo (id_flujo_hallazgo, id_hallazgo, id_usuario_asigna, id_usuario_asignado, observacion, ind_activo, fec_creacion, fec_edita, usuario_crea, usuario_edita, accion) VALUES (110, 55, NULL, 1, 'Id del Hallazgo:	55 Id del Hallazgo:	55 Id del Hallazgo:	55 Id del Hallazgo:	55 Id del Hallazgo:	55Id del Hallazgo:	55Id del Hallazgo:	55Id del Hallazgo:	55Id del Hallazgo:	55Id del Hallazgo:	55Id del Hallazgo:	55', 1, '2014-04-04 16:17:11.667', NULL, 'Carolina.Diez', NULL, 20);
INSERT INTO sgp_flujo_hallazgo (id_flujo_hallazgo, id_hallazgo, id_usuario_asigna, id_usuario_asignado, observacion, ind_activo, fec_creacion, fec_edita, usuario_crea, usuario_edita, accion) VALUES (136, 68, 5, 35, 'EXCELENTEEEEEEE', 1, '2014-04-14 10:04:45.931', NULL, 'Valeria.Vasquez', NULL, 19);
INSERT INTO sgp_flujo_hallazgo (id_flujo_hallazgo, id_hallazgo, id_usuario_asigna, id_usuario_asignado, observacion, ind_activo, fec_creacion, fec_edita, usuario_crea, usuario_edita, accion) VALUES (7, 7, 1, 1, NULL, 1, '2014-03-03 18:12:24.176', NULL, 'admin', NULL, 26);
INSERT INTO sgp_flujo_hallazgo (id_flujo_hallazgo, id_hallazgo, id_usuario_asigna, id_usuario_asignado, observacion, ind_activo, fec_creacion, fec_edita, usuario_crea, usuario_edita, accion) VALUES (8, 8, 1, 1, NULL, 1, '2014-03-03 18:29:43.414', NULL, 'admin', NULL, 26);
INSERT INTO sgp_flujo_hallazgo (id_flujo_hallazgo, id_hallazgo, id_usuario_asigna, id_usuario_asignado, observacion, ind_activo, fec_creacion, fec_edita, usuario_crea, usuario_edita, accion) VALUES (11, 11, 1, 1, NULL, 1, '2014-03-03 18:39:09.844', NULL, 'admin', NULL, 26);
INSERT INTO sgp_flujo_hallazgo (id_flujo_hallazgo, id_hallazgo, id_usuario_asigna, id_usuario_asignado, observacion, ind_activo, fec_creacion, fec_edita, usuario_crea, usuario_edita, accion) VALUES (12, 12, 1, 1, NULL, 1, '2014-03-03 18:48:54.392', NULL, 'admin', NULL, 26);
INSERT INTO sgp_flujo_hallazgo (id_flujo_hallazgo, id_hallazgo, id_usuario_asigna, id_usuario_asignado, observacion, ind_activo, fec_creacion, fec_edita, usuario_crea, usuario_edita, accion) VALUES (13, 18, 1, 1, NULL, 1, '2014-03-03 19:16:03.859', NULL, 'admin', NULL, 26);
INSERT INTO sgp_flujo_hallazgo (id_flujo_hallazgo, id_hallazgo, id_usuario_asigna, id_usuario_asignado, observacion, ind_activo, fec_creacion, fec_edita, usuario_crea, usuario_edita, accion) VALUES (14, 20, 2, 1, NULL, 1, '2014-03-06 14:50:42.022', NULL, 'admin', NULL, 26);
INSERT INTO sgp_flujo_hallazgo (id_flujo_hallazgo, id_hallazgo, id_usuario_asigna, id_usuario_asignado, observacion, ind_activo, fec_creacion, fec_edita, usuario_crea, usuario_edita, accion) VALUES (15, 21, 2, 1, NULL, 1, '2014-03-06 14:53:26.228', NULL, 'admin', NULL, 26);
INSERT INTO sgp_flujo_hallazgo (id_flujo_hallazgo, id_hallazgo, id_usuario_asigna, id_usuario_asignado, observacion, ind_activo, fec_creacion, fec_edita, usuario_crea, usuario_edita, accion) VALUES (16, 22, 2, 1, NULL, 1, '2014-03-06 14:59:49.401', NULL, 'admin', NULL, 26);
INSERT INTO sgp_flujo_hallazgo (id_flujo_hallazgo, id_hallazgo, id_usuario_asigna, id_usuario_asignado, observacion, ind_activo, fec_creacion, fec_edita, usuario_crea, usuario_edita, accion) VALUES (17, 23, 2, 1, NULL, 1, '2014-03-06 15:09:25.507', NULL, 'admin', NULL, 26);
INSERT INTO sgp_flujo_hallazgo (id_flujo_hallazgo, id_hallazgo, id_usuario_asigna, id_usuario_asignado, observacion, ind_activo, fec_creacion, fec_edita, usuario_crea, usuario_edita, accion) VALUES (18, 24, 2, 1, NULL, 1, '2014-03-06 15:13:49.369', NULL, 'admin', NULL, 26);
INSERT INTO sgp_flujo_hallazgo (id_flujo_hallazgo, id_hallazgo, id_usuario_asigna, id_usuario_asignado, observacion, ind_activo, fec_creacion, fec_edita, usuario_crea, usuario_edita, accion) VALUES (19, 25, 2, 1, NULL, 1, '2014-03-06 15:18:10.985', NULL, 'admin', NULL, 26);
INSERT INTO sgp_flujo_hallazgo (id_flujo_hallazgo, id_hallazgo, id_usuario_asigna, id_usuario_asignado, observacion, ind_activo, fec_creacion, fec_edita, usuario_crea, usuario_edita, accion) VALUES (21, 27, 2, 1, NULL, 1, '2014-03-06 15:35:52.361', NULL, 'admin', NULL, 26);
INSERT INTO sgp_flujo_hallazgo (id_flujo_hallazgo, id_hallazgo, id_usuario_asigna, id_usuario_asignado, observacion, ind_activo, fec_creacion, fec_edita, usuario_crea, usuario_edita, accion) VALUES (23, 29, 2, 1, NULL, 1, '2014-03-06 15:42:58.564', NULL, 'admin', NULL, 26);
INSERT INTO sgp_flujo_hallazgo (id_flujo_hallazgo, id_hallazgo, id_usuario_asigna, id_usuario_asignado, observacion, ind_activo, fec_creacion, fec_edita, usuario_crea, usuario_edita, accion) VALUES (137, 68, 5, 1, 'ertre', 1, '2014-04-14 10:44:12.483', NULL, 'Valeria.Vasquez', NULL, 19);
INSERT INTO sgp_flujo_hallazgo (id_flujo_hallazgo, id_hallazgo, id_usuario_asigna, id_usuario_asignado, observacion, ind_activo, fec_creacion, fec_edita, usuario_crea, usuario_edita, accion) VALUES (90, 55, 5, 1, 'estoy escribiendo <<algo>>', 1, '2014-04-04 15:13:25.582', NULL, 'Valeria.Vasquez', NULL, 22);
INSERT INTO sgp_flujo_hallazgo (id_flujo_hallazgo, id_hallazgo, id_usuario_asigna, id_usuario_asignado, observacion, ind_activo, fec_creacion, fec_edita, usuario_crea, usuario_edita, accion) VALUES (91, 55, NULL, 1, 'Pruebas de Calidad - editar hallazgo', 1, '2014-04-04 15:15:17.469', NULL, 'Edwin.Gomez', NULL, 20);
INSERT INTO sgp_flujo_hallazgo (id_flujo_hallazgo, id_hallazgo, id_usuario_asigna, id_usuario_asignado, observacion, ind_activo, fec_creacion, fec_edita, usuario_crea, usuario_edita, accion) VALUES (92, 55, NULL, 1, 'No debe salir el icono de editar Descripcion', 1, '2014-04-04 15:16:19.343', NULL, 'Edwin.Gomez', NULL, 22);
INSERT INTO sgp_flujo_hallazgo (id_flujo_hallazgo, id_hallazgo, id_usuario_asigna, id_usuario_asignado, observacion, ind_activo, fec_creacion, fec_edita, usuario_crea, usuario_edita, accion) VALUES (95, 56, NULL, 1, 'dgdsgds', 1, '2014-04-04 15:45:19.917', NULL, 'Edwin.Gomez', NULL, 21);
INSERT INTO sgp_flujo_hallazgo (id_flujo_hallazgo, id_hallazgo, id_usuario_asigna, id_usuario_asignado, observacion, ind_activo, fec_creacion, fec_edita, usuario_crea, usuario_edita, accion) VALUES (94, 56, NULL, 1, 'sdgsdgdfg', 1, '2014-04-04 15:42:07.919', NULL, 'Edwin.Gomez', NULL, 19);
INSERT INTO sgp_flujo_hallazgo (id_flujo_hallazgo, id_hallazgo, id_usuario_asigna, id_usuario_asignado, observacion, ind_activo, fec_creacion, fec_edita, usuario_crea, usuario_edita, accion) VALUES (93, 56, NULL, 1, 'sgsdgsdg', 1, '2014-04-04 15:40:02.635', NULL, 'Edwin.Gomez', NULL, 21);
INSERT INTO sgp_flujo_hallazgo (id_flujo_hallazgo, id_hallazgo, id_usuario_asigna, id_usuario_asignado, observacion, ind_activo, fec_creacion, fec_edita, usuario_crea, usuario_edita, accion) VALUES (113, 55, NULL, 1, 'Viernessss :) Viernessss :) Viernessss :) Viernessss :) Viernessss :) Viernessss :) Viernessss :) Viernessss :) Viernessss :) Viernessss :) Viernessss :) Viernessss :) Viernessss :) ', 1, '2014-04-04 16:20:54.165', NULL, 'Viviana.Valencia', NULL, 22);
INSERT INTO sgp_flujo_hallazgo (id_flujo_hallazgo, id_hallazgo, id_usuario_asigna, id_usuario_asignado, observacion, ind_activo, fec_creacion, fec_edita, usuario_crea, usuario_edita, accion) VALUES (112, 55, NULL, 1, 'Calidad y Calidad y Calidad y Calidad y Calidad y Calidad y Calidad y Calidad y Calidad y Calidad y Calidad y Calidad y Calidad y Calidad y Calidad y Calidad y Calidad y Calidad y ', 1, '2014-04-04 16:19:55.155', NULL, 'Viviana.Valencia', NULL, 20);
INSERT INTO sgp_flujo_hallazgo (id_flujo_hallazgo, id_hallazgo, id_usuario_asigna, id_usuario_asignado, observacion, ind_activo, fec_creacion, fec_edita, usuario_crea, usuario_edita, accion) VALUES (111, 55, NULL, 1, 'Pruebas de Reproceso Pruebas de Reproceso Pruebas de Reproceso Pruebas de Reproceso Pruebas de Reproceso Pruebas de Reproceso Pruebas de Reproceso Pruebas de Reproceso Pruebas de Reproceso Pruebas de Reproceso Pruebas de Reproceso Pruebas de Reproceso', 1, '2014-04-04 16:18:44.746', NULL, 'Viviana.Valencia', NULL, 22);
INSERT INTO sgp_flujo_hallazgo (id_flujo_hallazgo, id_hallazgo, id_usuario_asigna, id_usuario_asignado, observacion, ind_activo, fec_creacion, fec_edita, usuario_crea, usuario_edita, accion) VALUES (109, 55, 5, 1, 'Título: Hallazgo que Permite Revisar las Pruebas de Edición Título: Hallazgo que Permite Revisar las Pruebas de Edición Título: Hallazgo que Permite Revisar las Pruebas de Edición Título: Hallazgo que Permite Revisar las Pruebas de Edición ', 1, '2014-04-04 16:15:30.559', NULL, 'Valeria.Vasquez', NULL, 22);
INSERT INTO sgp_flujo_hallazgo (id_flujo_hallazgo, id_hallazgo, id_usuario_asigna, id_usuario_asignado, observacion, ind_activo, fec_creacion, fec_edita, usuario_crea, usuario_edita, accion) VALUES (108, 55, 5, 1, 'Título:	
Hallazgo que Permite Revisar las Pruebas de Edición', 1, '2014-04-04 16:13:25.26', NULL, 'Valeria.Vasquez', NULL, 20);
INSERT INTO sgp_flujo_hallazgo (id_flujo_hallazgo, id_hallazgo, id_usuario_asigna, id_usuario_asignado, observacion, ind_activo, fec_creacion, fec_edita, usuario_crea, usuario_edita, accion) VALUES (106, 55, NULL, 1, 'Desarrollo', 1, '2014-04-04 16:10:48.543', NULL, 'Edwin.Gomez', NULL, 20);
INSERT INTO sgp_flujo_hallazgo (id_flujo_hallazgo, id_hallazgo, id_usuario_asigna, id_usuario_asignado, observacion, ind_activo, fec_creacion, fec_edita, usuario_crea, usuario_edita, accion) VALUES (105, 55, NULL, 1, 'Reproceso', 1, '2014-04-04 16:08:13.748', NULL, 'Edwin.Gomez', NULL, 22);
INSERT INTO sgp_flujo_hallazgo (id_flujo_hallazgo, id_hallazgo, id_usuario_asigna, id_usuario_asignado, observacion, ind_activo, fec_creacion, fec_edita, usuario_crea, usuario_edita, accion) VALUES (104, 55, NULL, 1, 'Título:	
Hallazgo que Permite Revisar las Pruebas de Edición', 1, '2014-04-04 16:07:33.474', NULL, 'Edwin.Gomez', NULL, 20);
INSERT INTO sgp_flujo_hallazgo (id_flujo_hallazgo, id_hallazgo, id_usuario_asigna, id_usuario_asignado, observacion, ind_activo, fec_creacion, fec_edita, usuario_crea, usuario_edita, accion) VALUES (103, 55, 5, 1, 'Título:	
Hallazgo que Permite Revisar las Pruebas de Edición Título:	
Hallazgo que Permite Revisar las Pruebas de Edición Título:	
Hallazgo que Permite Revisar las Pruebas de Edición Título:	
Hallazgo que Permite Revisar las Pruebas de Edición', 1, '2014-04-04 16:06:54.063', NULL, 'Valeria.Vasquez', NULL, 22);
INSERT INTO sgp_flujo_hallazgo (id_flujo_hallazgo, id_hallazgo, id_usuario_asigna, id_usuario_asignado, observacion, ind_activo, fec_creacion, fec_edita, usuario_crea, usuario_edita, accion) VALUES (102, 56, 5, 1, 'dfydyfdy', 1, '2014-04-04 16:06:19.318', NULL, 'Valeria.Vasquez', NULL, 21);
INSERT INTO sgp_flujo_hallazgo (id_flujo_hallazgo, id_hallazgo, id_usuario_asigna, id_usuario_asignado, observacion, ind_activo, fec_creacion, fec_edita, usuario_crea, usuario_edita, accion) VALUES (101, 55, 5, 1, 'Descripción	Estado	Usuario	Fecha	Acciones
Observación..	Abierta	admin	2014/03/08 16:07:38	
dsfsdfsdf	Devuelta	Valeria.Vasquez	2014/04/04 10:07:45	
asdasdas	Abierta', 1, '2014-04-04 16:01:33.267', NULL, 'Valeria.Vasquez', NULL, 20);
INSERT INTO sgp_flujo_hallazgo (id_flujo_hallazgo, id_hallazgo, id_usuario_asigna, id_usuario_asignado, observacion, ind_activo, fec_creacion, fec_edita, usuario_crea, usuario_edita, accion) VALUES (100, 55, 5, 1, 'Descripción	Estado	Usuario	Fecha	Acciones
Observación..	Abierta	admin	2014/03/08 16:07:38	
dsfsdfsdf	Devuelta	Valeria.Vasquez	2014/04/04 10:07:45	
asdasdas	Abierta', 1, '2014-04-04 16:00:53.715', NULL, 'Valeria.Vasquez', NULL, 22);
INSERT INTO sgp_flujo_hallazgo (id_flujo_hallazgo, id_hallazgo, id_usuario_asigna, id_usuario_asignado, observacion, ind_activo, fec_creacion, fec_edita, usuario_crea, usuario_edita, accion) VALUES (99, 55, 5, 1, 'Descripción	Estado	Usuario	Fecha	Acciones
Observación..	Abierta	admin	2014/03/08 16:07:38	
dsfsdfsdf	Devuelta	Valeria.Vasquez	2014/04/04 10:07:45	
asdasdas	Abierta', 1, '2014-04-04 16:00:19.894', NULL, 'Valeria.Vasquez', NULL, 20);
INSERT INTO sgp_flujo_hallazgo (id_flujo_hallazgo, id_hallazgo, id_usuario_asigna, id_usuario_asignado, observacion, ind_activo, fec_creacion, fec_edita, usuario_crea, usuario_edita, accion) VALUES (114, 68, 5, 1, 'HOLAAAAAAAAAAA', 1, '2014-04-09 08:53:20.334', NULL, 'Valeria.Vasquez', NULL, 20);
INSERT INTO sgp_flujo_hallazgo (id_flujo_hallazgo, id_hallazgo, id_usuario_asigna, id_usuario_asignado, observacion, ind_activo, fec_creacion, fec_edita, usuario_crea, usuario_edita, accion) VALUES (140, 68, 5, 1, 'DDD', 1, '2014-04-14 10:51:14.411', NULL, 'Valeria.Vasquez', NULL, 19);
INSERT INTO sgp_flujo_hallazgo (id_flujo_hallazgo, id_hallazgo, id_usuario_asigna, id_usuario_asignado, observacion, ind_activo, fec_creacion, fec_edita, usuario_crea, usuario_edita, accion) VALUES (116, 68, 5, 4, 'HELLO', 1, '2014-04-09 10:07:09.707', NULL, 'Valeria.Vasquez', NULL, 22);
INSERT INTO sgp_flujo_hallazgo (id_flujo_hallazgo, id_hallazgo, id_usuario_asigna, id_usuario_asignado, observacion, ind_activo, fec_creacion, fec_edita, usuario_crea, usuario_edita, accion) VALUES (143, 68, NULL, 3, 'ghkghk', 1, '2014-04-15 14:51:35.561', NULL, 'anonymousUser', NULL, 19);
INSERT INTO sgp_flujo_hallazgo (id_flujo_hallazgo, id_hallazgo, id_usuario_asigna, id_usuario_asignado, observacion, ind_activo, fec_creacion, fec_edita, usuario_crea, usuario_edita, accion) VALUES (147, 62, 5, 1, 'JOOSAS', 1, '2014-04-23 11:27:55.301', NULL, 'Valeria.Vasquez', NULL, 19);
INSERT INTO sgp_flujo_hallazgo (id_flujo_hallazgo, id_hallazgo, id_usuario_asigna, id_usuario_asignado, observacion, ind_activo, fec_creacion, fec_edita, usuario_crea, usuario_edita, accion) VALUES (152, 62, 1, 1, 'sdfdsf', 1, '2014-04-23 17:52:10.881', NULL, 'Edwin.Gomez', NULL, 21);
INSERT INTO sgp_flujo_hallazgo (id_flujo_hallazgo, id_hallazgo, id_usuario_asigna, id_usuario_asignado, observacion, ind_activo, fec_creacion, fec_edita, usuario_crea, usuario_edita, accion) VALUES (117, 68, 5, 4, 'KITTY', 1, '2014-04-09 10:27:01.322', NULL, 'Valeria.Vasquez', NULL, 20);
INSERT INTO sgp_flujo_hallazgo (id_flujo_hallazgo, id_hallazgo, id_usuario_asigna, id_usuario_asignado, observacion, ind_activo, fec_creacion, fec_edita, usuario_crea, usuario_edita, accion) VALUES (118, 68, 5, 3, 'BIENNNN', 1, '2014-04-09 10:40:11.422', NULL, 'Valeria.Vasquez', NULL, 22);
INSERT INTO sgp_flujo_hallazgo (id_flujo_hallazgo, id_hallazgo, id_usuario_asigna, id_usuario_asignado, observacion, ind_activo, fec_creacion, fec_edita, usuario_crea, usuario_edita, accion) VALUES (119, 68, 5, 35, 'CANTAAAAAAR', 1, '2014-04-09 11:23:22.322', NULL, 'Valeria.Vasquez', NULL, 20);
INSERT INTO sgp_flujo_hallazgo (id_flujo_hallazgo, id_hallazgo, id_usuario_asigna, id_usuario_asignado, observacion, ind_activo, fec_creacion, fec_edita, usuario_crea, usuario_edita, accion) VALUES (120, 68, 5, 1, 'SUAVEEEEEE', 1, '2014-04-09 11:25:58.518', NULL, 'Valeria.Vasquez', NULL, 22);
INSERT INTO sgp_flujo_hallazgo (id_flujo_hallazgo, id_hallazgo, id_usuario_asigna, id_usuario_asignado, observacion, ind_activo, fec_creacion, fec_edita, usuario_crea, usuario_edita, accion) VALUES (131, 61, 5, 4, 'Prueba enlace hallazgo en el correo', 1, '2014-04-11 10:05:58.289', NULL, 'Valeria.Vasquez', NULL, 20);
INSERT INTO sgp_flujo_hallazgo (id_flujo_hallazgo, id_hallazgo, id_usuario_asigna, id_usuario_asignado, observacion, ind_activo, fec_creacion, fec_edita, usuario_crea, usuario_edita, accion) VALUES (128, 68, 5, 1, 'JORDAAAAAAAAN', 1, '2014-04-09 12:34:44.394', NULL, 'Valeria.Vasquez', NULL, 19);
INSERT INTO sgp_flujo_hallazgo (id_flujo_hallazgo, id_hallazgo, id_usuario_asigna, id_usuario_asignado, observacion, ind_activo, fec_creacion, fec_edita, usuario_crea, usuario_edita, accion) VALUES (134, 68, 5, 4, 'trgdfhgf', 1, '2014-04-14 09:02:40.334', NULL, 'Valeria.Vasquez', NULL, 21);
INSERT INTO sgp_flujo_hallazgo (id_flujo_hallazgo, id_hallazgo, id_usuario_asigna, id_usuario_asignado, observacion, ind_activo, fec_creacion, fec_edita, usuario_crea, usuario_edita, accion) VALUES (138, 68, 5, 3, 'HUHUHUHU', 1, '2014-04-14 10:44:59.716', NULL, 'Valeria.Vasquez', NULL, 21);
INSERT INTO sgp_flujo_hallazgo (id_flujo_hallazgo, id_hallazgo, id_usuario_asigna, id_usuario_asignado, observacion, ind_activo, fec_creacion, fec_edita, usuario_crea, usuario_edita, accion) VALUES (141, 68, 5, 3, 'GYGYGYGY', 1, '2014-04-14 10:52:03.255', NULL, 'Valeria.Vasquez', NULL, 19);
INSERT INTO sgp_flujo_hallazgo (id_flujo_hallazgo, id_hallazgo, id_usuario_asigna, id_usuario_asignado, observacion, ind_activo, fec_creacion, fec_edita, usuario_crea, usuario_edita, accion) VALUES (144, 56, 5, 2, 'sdfsdf', 1, '2014-04-15 14:53:27.381', NULL, 'Valeria.Vasquez', NULL, 19);
INSERT INTO sgp_flujo_hallazgo (id_flujo_hallazgo, id_hallazgo, id_usuario_asigna, id_usuario_asignado, observacion, ind_activo, fec_creacion, fec_edita, usuario_crea, usuario_edita, accion) VALUES (77, 63, 2, 1, 'dfgdfgdfg', 1, '2014-03-26 09:52:45.205', NULL, 'admin', NULL, 24);
INSERT INTO sgp_flujo_hallazgo (id_flujo_hallazgo, id_hallazgo, id_usuario_asigna, id_usuario_asignado, observacion, ind_activo, fec_creacion, fec_edita, usuario_crea, usuario_edita, accion) VALUES (149, 62, 5, 1, 'Holaaaa', 1, '2014-04-23 11:37:03.178', NULL, 'Valeria.Vasquez', NULL, 19);
INSERT INTO sgp_flujo_hallazgo (id_flujo_hallazgo, id_hallazgo, id_usuario_asigna, id_usuario_asignado, observacion, ind_activo, fec_creacion, fec_edita, usuario_crea, usuario_edita, accion) VALUES (85, 55, 5, 1, 'dsfsdfsdf', 1, '2014-04-04 10:07:45.793', NULL, 'Valeria.Vasquez', NULL, 24);
INSERT INTO sgp_flujo_hallazgo (id_flujo_hallazgo, id_hallazgo, id_usuario_asigna, id_usuario_asignado, observacion, ind_activo, fec_creacion, fec_edita, usuario_crea, usuario_edita, accion) VALUES (86, 55, NULL, 1, 'asdasdas', 1, '2014-04-04 10:14:11.438', NULL, 'Valeria.Vasquez', NULL, 24);
INSERT INTO sgp_flujo_hallazgo (id_flujo_hallazgo, id_hallazgo, id_usuario_asigna, id_usuario_asignado, observacion, ind_activo, fec_creacion, fec_edita, usuario_crea, usuario_edita, accion) VALUES (87, 55, 5, 1, 'editar/55editar/55editar/55editar/55editar/55editar/55editar/55', 1, '2014-04-04 15:11:28.419', NULL, 'Valeria.Vasquez', NULL, 24);
INSERT INTO sgp_flujo_hallazgo (id_flujo_hallazgo, id_hallazgo, id_usuario_asigna, id_usuario_asignado, observacion, ind_activo, fec_creacion, fec_edita, usuario_crea, usuario_edita, accion) VALUES (88, 55, 5, 1, 'editar/55', 1, '2014-04-04 15:11:54.06', NULL, 'Valeria.Vasquez', NULL, 24);
INSERT INTO sgp_flujo_hallazgo (id_flujo_hallazgo, id_hallazgo, id_usuario_asigna, id_usuario_asignado, observacion, ind_activo, fec_creacion, fec_edita, usuario_crea, usuario_edita, accion) VALUES (82, 68, 2, 1, 'dsgsdgsdg', 1, '2014-03-31 17:36:09.835', NULL, 'admin', NULL, 25);
INSERT INTO sgp_flujo_hallazgo (id_flujo_hallazgo, id_hallazgo, id_usuario_asigna, id_usuario_asignado, observacion, ind_activo, fec_creacion, fec_edita, usuario_crea, usuario_edita, accion) VALUES (76, 1, 2, 1, 'asfasfasf', 1, '2014-03-12 18:42:20.867', NULL, 'admin', NULL, 23);
INSERT INTO sgp_flujo_hallazgo (id_flujo_hallazgo, id_hallazgo, id_usuario_asigna, id_usuario_asignado, observacion, ind_activo, fec_creacion, fec_edita, usuario_crea, usuario_edita, accion) VALUES (150, 62, 5, 3, 'GGGG', 1, '2014-04-23 11:46:29.55', NULL, 'Valeria.Vasquez', NULL, 19);
INSERT INTO sgp_flujo_hallazgo (id_flujo_hallazgo, id_hallazgo, id_usuario_asigna, id_usuario_asignado, observacion, ind_activo, fec_creacion, fec_edita, usuario_crea, usuario_edita, accion) VALUES (153, 62, 1, 1, 'sdfsdf', 1, '2014-04-23 17:53:19.64', NULL, 'Edwin.Gomez', NULL, 19);


--
-- TOC entry 2064 (class 0 OID 28250)
-- Dependencies: 171 2056 2065 2075
-- Data for Name: sgp_mapa_artefacto; Type: TABLE DATA; Schema: public; Owner: sgpdesa
--

INSERT INTO sgp_mapa_artefacto (id_mapa_artefacto, id_mapa_prueba, id_artefacto, ind_activo, fec_creacion, fec_edita, usuario_crea, usuario_edita) VALUES (42, 39, 42, 1, '2014-02-27 17:14:56.597', NULL, 'admin', NULL);
INSERT INTO sgp_mapa_artefacto (id_mapa_artefacto, id_mapa_prueba, id_artefacto, ind_activo, fec_creacion, fec_edita, usuario_crea, usuario_edita) VALUES (43, 1, 28, 1, '2014-03-07 10:28:52.006', NULL, 'admin', NULL);
INSERT INTO sgp_mapa_artefacto (id_mapa_artefacto, id_mapa_prueba, id_artefacto, ind_activo, fec_creacion, fec_edita, usuario_crea, usuario_edita) VALUES (16, 4, 28, 0, '2014-02-14 14:26:29.434', '2014-02-22 13:24:51.033', 'admin', 'admin');
INSERT INTO sgp_mapa_artefacto (id_mapa_artefacto, id_mapa_prueba, id_artefacto, ind_activo, fec_creacion, fec_edita, usuario_crea, usuario_edita) VALUES (44, 1, 1, 1, '2014-03-07 10:28:52.012', NULL, 'admin', NULL);
INSERT INTO sgp_mapa_artefacto (id_mapa_artefacto, id_mapa_prueba, id_artefacto, ind_activo, fec_creacion, fec_edita, usuario_crea, usuario_edita) VALUES (45, 1, 31, 1, '2014-03-07 10:28:52.03', NULL, 'admin', NULL);
INSERT INTO sgp_mapa_artefacto (id_mapa_artefacto, id_mapa_prueba, id_artefacto, ind_activo, fec_creacion, fec_edita, usuario_crea, usuario_edita) VALUES (17, 4, 3, 0, '2014-02-14 14:26:29.437', '2014-02-22 13:24:51.034', 'admin', 'admin');
INSERT INTO sgp_mapa_artefacto (id_mapa_artefacto, id_mapa_prueba, id_artefacto, ind_activo, fec_creacion, fec_edita, usuario_crea, usuario_edita) VALUES (18, 5, 2, 0, '2014-02-14 14:30:45.742', NULL, 'admin', NULL);
INSERT INTO sgp_mapa_artefacto (id_mapa_artefacto, id_mapa_prueba, id_artefacto, ind_activo, fec_creacion, fec_edita, usuario_crea, usuario_edita) VALUES (2, 1, 2, 0, '2014-02-11 00:00:00', '2014-03-07 10:28:51.994', '1', 'admin');
INSERT INTO sgp_mapa_artefacto (id_mapa_artefacto, id_mapa_prueba, id_artefacto, ind_activo, fec_creacion, fec_edita, usuario_crea, usuario_edita) VALUES (19, 5, 29, 0, '2014-02-14 14:30:45.767', NULL, 'admin', NULL);
INSERT INTO sgp_mapa_artefacto (id_mapa_artefacto, id_mapa_prueba, id_artefacto, ind_activo, fec_creacion, fec_edita, usuario_crea, usuario_edita) VALUES (6, 1, 1, 0, '2014-02-12 11:25:05.33', '2014-03-07 10:28:51.994', 'anonymousUser', 'admin');
INSERT INTO sgp_mapa_artefacto (id_mapa_artefacto, id_mapa_prueba, id_artefacto, ind_activo, fec_creacion, fec_edita, usuario_crea, usuario_edita) VALUES (7, 1, 2, 0, '2014-02-12 11:25:08.999', '2014-03-07 10:28:51.994', 'anonymousUser', 'admin');
INSERT INTO sgp_mapa_artefacto (id_mapa_artefacto, id_mapa_prueba, id_artefacto, ind_activo, fec_creacion, fec_edita, usuario_crea, usuario_edita) VALUES (34, 1, 1, 0, '2014-02-20 17:31:52.089', '2014-03-07 10:28:51.994', 'admin', 'admin');
INSERT INTO sgp_mapa_artefacto (id_mapa_artefacto, id_mapa_prueba, id_artefacto, ind_activo, fec_creacion, fec_edita, usuario_crea, usuario_edita) VALUES (35, 1, 28, 0, '2014-02-20 17:31:52.106', '2014-03-07 10:28:51.994', 'admin', 'admin');
INSERT INTO sgp_mapa_artefacto (id_mapa_artefacto, id_mapa_prueba, id_artefacto, ind_activo, fec_creacion, fec_edita, usuario_crea, usuario_edita) VALUES (3, 2, 1, 0, '2014-02-11 00:00:00', '2014-02-20 18:09:10.927', '1', 'admin');
INSERT INTO sgp_mapa_artefacto (id_mapa_artefacto, id_mapa_prueba, id_artefacto, ind_activo, fec_creacion, fec_edita, usuario_crea, usuario_edita) VALUES (9, 3, 2, 0, '2014-02-12 19:05:50.433', NULL, 'anonymousUser', NULL);
INSERT INTO sgp_mapa_artefacto (id_mapa_artefacto, id_mapa_prueba, id_artefacto, ind_activo, fec_creacion, fec_edita, usuario_crea, usuario_edita) VALUES (10, 3, 2, 0, '2014-02-12 19:11:27.406', NULL, 'anonymousUser', NULL);
INSERT INTO sgp_mapa_artefacto (id_mapa_artefacto, id_mapa_prueba, id_artefacto, ind_activo, fec_creacion, fec_edita, usuario_crea, usuario_edita) VALUES (12, 3, 2, 1, '2014-02-12 19:12:29.703', NULL, 'anonymousUser', NULL);
INSERT INTO sgp_mapa_artefacto (id_mapa_artefacto, id_mapa_prueba, id_artefacto, ind_activo, fec_creacion, fec_edita, usuario_crea, usuario_edita) VALUES (20, 5, 3, 0, '2014-02-14 14:30:45.785', NULL, 'admin', NULL);
INSERT INTO sgp_mapa_artefacto (id_mapa_artefacto, id_mapa_prueba, id_artefacto, ind_activo, fec_creacion, fec_edita, usuario_crea, usuario_edita) VALUES (21, 5, 2, 0, '2014-02-14 14:31:56.355', NULL, 'admin', NULL);
INSERT INTO sgp_mapa_artefacto (id_mapa_artefacto, id_mapa_prueba, id_artefacto, ind_activo, fec_creacion, fec_edita, usuario_crea, usuario_edita) VALUES (22, 5, 29, 0, '2014-02-14 14:31:56.374', NULL, 'admin', NULL);
INSERT INTO sgp_mapa_artefacto (id_mapa_artefacto, id_mapa_prueba, id_artefacto, ind_activo, fec_creacion, fec_edita, usuario_crea, usuario_edita) VALUES (23, 5, 2, 0, '2014-02-14 17:23:39.248', NULL, 'admin', NULL);
INSERT INTO sgp_mapa_artefacto (id_mapa_artefacto, id_mapa_prueba, id_artefacto, ind_activo, fec_creacion, fec_edita, usuario_crea, usuario_edita) VALUES (24, 5, 29, 1, '2014-02-14 17:23:39.254', NULL, 'admin', NULL);
INSERT INTO sgp_mapa_artefacto (id_mapa_artefacto, id_mapa_prueba, id_artefacto, ind_activo, fec_creacion, fec_edita, usuario_crea, usuario_edita) VALUES (25, 5, 1, 1, '2014-02-14 17:23:39.279', NULL, 'admin', NULL);
INSERT INTO sgp_mapa_artefacto (id_mapa_artefacto, id_mapa_prueba, id_artefacto, ind_activo, fec_creacion, fec_edita, usuario_crea, usuario_edita) VALUES (26, 5, 3, 1, '2014-02-14 17:23:39.296', NULL, 'admin', NULL);
INSERT INTO sgp_mapa_artefacto (id_mapa_artefacto, id_mapa_prueba, id_artefacto, ind_activo, fec_creacion, fec_edita, usuario_crea, usuario_edita) VALUES (27, 5, 28, 1, '2014-02-14 17:23:39.322', NULL, 'admin', NULL);
INSERT INTO sgp_mapa_artefacto (id_mapa_artefacto, id_mapa_prueba, id_artefacto, ind_activo, fec_creacion, fec_edita, usuario_crea, usuario_edita) VALUES (28, 5, 31, 1, '2014-02-14 17:23:39.347', NULL, 'admin', NULL);
INSERT INTO sgp_mapa_artefacto (id_mapa_artefacto, id_mapa_prueba, id_artefacto, ind_activo, fec_creacion, fec_edita, usuario_crea, usuario_edita) VALUES (29, 9, 29, 1, '2014-02-14 17:35:42.617', NULL, 'admin', NULL);
INSERT INTO sgp_mapa_artefacto (id_mapa_artefacto, id_mapa_prueba, id_artefacto, ind_activo, fec_creacion, fec_edita, usuario_crea, usuario_edita) VALUES (30, 9, 31, 1, '2014-02-14 17:35:42.632', NULL, 'admin', NULL);
INSERT INTO sgp_mapa_artefacto (id_mapa_artefacto, id_mapa_prueba, id_artefacto, ind_activo, fec_creacion, fec_edita, usuario_crea, usuario_edita) VALUES (31, 30, 1, 0, '2014-02-19 15:57:45.789', '2014-02-19 15:59:10.654', 'admin', 'admin');
INSERT INTO sgp_mapa_artefacto (id_mapa_artefacto, id_mapa_prueba, id_artefacto, ind_activo, fec_creacion, fec_edita, usuario_crea, usuario_edita) VALUES (33, 30, 2, 1, '2014-02-19 15:59:10.67', NULL, 'admin', NULL);
INSERT INTO sgp_mapa_artefacto (id_mapa_artefacto, id_mapa_prueba, id_artefacto, ind_activo, fec_creacion, fec_edita, usuario_crea, usuario_edita) VALUES (36, 2, 1, 1, '2014-02-20 18:09:10.947', NULL, 'admin', NULL);
INSERT INTO sgp_mapa_artefacto (id_mapa_artefacto, id_mapa_prueba, id_artefacto, ind_activo, fec_creacion, fec_edita, usuario_crea, usuario_edita) VALUES (37, 2, 28, 1, '2014-02-20 18:09:10.953', NULL, 'admin', NULL);
INSERT INTO sgp_mapa_artefacto (id_mapa_artefacto, id_mapa_prueba, id_artefacto, ind_activo, fec_creacion, fec_edita, usuario_crea, usuario_edita) VALUES (38, 4, 28, 1, '2014-02-22 13:24:51.052', NULL, 'admin', NULL);
INSERT INTO sgp_mapa_artefacto (id_mapa_artefacto, id_mapa_prueba, id_artefacto, ind_activo, fec_creacion, fec_edita, usuario_crea, usuario_edita) VALUES (39, 4, 3, 1, '2014-02-22 13:24:51.067', NULL, 'admin', NULL);
INSERT INTO sgp_mapa_artefacto (id_mapa_artefacto, id_mapa_prueba, id_artefacto, ind_activo, fec_creacion, fec_edita, usuario_crea, usuario_edita) VALUES (40, 4, 31, 1, '2014-02-22 13:24:51.082', NULL, 'admin', NULL);


--
-- TOC entry 2071 (class 0 OID 28286)
-- Dependencies: 178 2075
-- Data for Name: sgp_tipo_parametro; Type: TABLE DATA; Schema: public; Owner: sgpdesa
--

INSERT INTO sgp_tipo_parametro (id_tipo_parametro, nombre, descripcion, ind_activo, fec_creacion, fec_edita, usuario_crea, usuario_edita) VALUES (13, 'Roles Administrador Hallazgo', 'Roles Administrador Gestionar Hallazgo.', 1, '2014-03-20 08:57:55.477', NULL, 'admin', NULL);
INSERT INTO sgp_tipo_parametro (id_tipo_parametro, nombre, descripcion, ind_activo, fec_creacion, fec_edita, usuario_crea, usuario_edita) VALUES (14, 'Roles Desarrollador Hallazgo ', 'Roles Desarrollador Hallazgo', 1, '2014-03-20 09:01:37.009', NULL, 'admin', NULL);
INSERT INTO sgp_tipo_parametro (id_tipo_parametro, nombre, descripcion, ind_activo, fec_creacion, fec_edita, usuario_crea, usuario_edita) VALUES (15, 'Motivo de Reasignacion', 'Motivo de Reasignacion de los Hallazgos', 1, '2014-04-07 00:00:00', NULL, 'admin', NULL);
INSERT INTO sgp_tipo_parametro (id_tipo_parametro, nombre, descripcion, ind_activo, fec_creacion, fec_edita, usuario_crea, usuario_edita) VALUES (16, 'Estados que no van en Bandeja de Hallazgos', 'Estados que no se muestran en bandeja de hallazgos', 1, '2014-04-10 11:18:38.344', NULL, 'anonymousUser', NULL);
INSERT INTO sgp_tipo_parametro (id_tipo_parametro, nombre, descripcion, ind_activo, fec_creacion, fec_edita, usuario_crea, usuario_edita) VALUES (17, 'Enlace Correos', 'Enlace (link) de los correos', 1, '2014-04-11 09:00:23.923', NULL, 'Valeria.Vasquez', NULL);
INSERT INTO sgp_tipo_parametro (id_tipo_parametro, nombre, descripcion, ind_activo, fec_creacion, fec_edita, usuario_crea, usuario_edita) VALUES (1, 'Severidad', 'Severidad de los Hallazgos', 1, '2014-01-20 11:50:00', '2014-02-25 18:35:31.205', '1', 'anonymousUser');
INSERT INTO sgp_tipo_parametro (id_tipo_parametro, nombre, descripcion, ind_activo, fec_creacion, fec_edita, usuario_crea, usuario_edita) VALUES (2, 'Prioridad', 'Prioridad de los Hallazgos', 1, '2014-01-20 11:50:00', NULL, '1', NULL);
INSERT INTO sgp_tipo_parametro (id_tipo_parametro, nombre, descripcion, ind_activo, fec_creacion, fec_edita, usuario_crea, usuario_edita) VALUES (3, 'Tipo de Hallazgo', 'Tipos de Hallazgos', 1, '2014-01-20 11:50:00', NULL, '1', NULL);
INSERT INTO sgp_tipo_parametro (id_tipo_parametro, nombre, descripcion, ind_activo, fec_creacion, fec_edita, usuario_crea, usuario_edita) VALUES (4, 'Causa de Generación', 'Causa de Generación de los Hallazgos', 1, '2014-01-20 11:50:00', NULL, '1', NULL);
INSERT INTO sgp_tipo_parametro (id_tipo_parametro, nombre, descripcion, ind_activo, fec_creacion, fec_edita, usuario_crea, usuario_edita) VALUES (5, 'Causa de Anulación', 'Causa de Anulación de los Hallazgos', 1, '2014-01-20 11:50:00', '2014-02-21 07:57:20.321', '1', 'admin');
INSERT INTO sgp_tipo_parametro (id_tipo_parametro, nombre, descripcion, ind_activo, fec_creacion, fec_edita, usuario_crea, usuario_edita) VALUES (7, 'Cumple', 'Opciones al Ejecutar un Caso de Prueba', 1, '2014-01-20 11:50:00', NULL, '1', NULL);
INSERT INTO sgp_tipo_parametro (id_tipo_parametro, nombre, descripcion, ind_activo, fec_creacion, fec_edita, usuario_crea, usuario_edita) VALUES (8, 'Estado Flujo', 'Flujo de los Hallazgos', 1, '2014-01-20 11:50:00', NULL, '1', NULL);
INSERT INTO sgp_tipo_parametro (id_tipo_parametro, nombre, descripcion, ind_activo, fec_creacion, fec_edita, usuario_crea, usuario_edita) VALUES (9, 'Tipo de Prueba', 'Tipos de Prueba', 1, '2014-01-20 11:50:00', NULL, 'admin', NULL);
INSERT INTO sgp_tipo_parametro (id_tipo_parametro, nombre, descripcion, ind_activo, fec_creacion, fec_edita, usuario_crea, usuario_edita) VALUES (10, 'Estado Campos', 'Estado de los campos', 1, '2014-01-20 11:50:00', NULL, 'admin', NULL);
INSERT INTO sgp_tipo_parametro (id_tipo_parametro, nombre, descripcion, ind_activo, fec_creacion, fec_edita, usuario_crea, usuario_edita) VALUES (11, 'Profile Manager', 'Profile Manager', 1, '2014-01-20 11:50:00', NULL, 'admin', NULL);
INSERT INTO sgp_tipo_parametro (id_tipo_parametro, nombre, descripcion, ind_activo, fec_creacion, fec_edita, usuario_crea, usuario_edita) VALUES (12, 'Ruta imagenes', 'Ruta de las imagenes', 1, '2014-01-20 11:50:00', NULL, 'admin', NULL);


--
-- TOC entry 2067 (class 0 OID 28262)
-- Dependencies: 174 2071 2075
-- Data for Name: sgp_parametro; Type: TABLE DATA; Schema: public; Owner: sgpdesa
--

INSERT INTO sgp_parametro (id_parametro, id_tipo_parametro, nombre, descripcion, valor, ind_activo, fec_creacion, fec_edita, usuario_crea, usuario_edita) VALUES (6, 2, 'Baja', 'Baja', 'Baja', 1, '2014-02-20 14:17:56.713', '2014-03-06 15:50:56.406', 'admin', 'admin');
INSERT INTO sgp_parametro (id_parametro, id_tipo_parametro, nombre, descripcion, valor, ind_activo, fec_creacion, fec_edita, usuario_crea, usuario_edita) VALUES (3, 12, 'rutá', 'ruta', 'C:\Users\PC\Pictures\', 1, '2014-02-13 00:00:00', '2014-02-26 10:15:42.414', 'admin', 'anonymousUser');
INSERT INTO sgp_parametro (id_parametro, id_tipo_parametro, nombre, descripcion, valor, ind_activo, fec_creacion, fec_edita, usuario_crea, usuario_edita) VALUES (1, 11, 'URL_WSDL', 'URL del archivo wsdl del servicio del profile-manager q', 'http://192.168.2.10:8282/pmz-profile-ws/AutenticacionWsPort?wsdl', 1, '2014-01-30 15:05:21.745', '2014-02-26 17:59:56.236', '1', 'admin');
INSERT INTO sgp_parametro (id_parametro, id_tipo_parametro, nombre, descripcion, valor, ind_activo, fec_creacion, fec_edita, usuario_crea, usuario_edita) VALUES (2, 11, 'ID_APLICACION', 'Codigo de aplicacion en profile manager', '9', 1, '2014-01-30 00:00:00', NULL, '1', '
');
INSERT INTO sgp_parametro (id_parametro, id_tipo_parametro, nombre, descripcion, valor, ind_activo, fec_creacion, fec_edita, usuario_crea, usuario_edita) VALUES (10, 3, 'No Conformidad', '							No Conformidad', 'No Conformidad', 1, '2014-02-21 15:16:09.617', '2014-02-21 15:18:58.536', 'admin', 'admin');
INSERT INTO sgp_parametro (id_parametro, id_tipo_parametro, nombre, descripcion, valor, ind_activo, fec_creacion, fec_edita, usuario_crea, usuario_edita) VALUES (5, 2, 'Media', 'Media					', 'Media', 1, '2014-02-20 14:17:31.139', NULL, 'admin', NULL);
INSERT INTO sgp_parametro (id_parametro, id_tipo_parametro, nombre, descripcion, valor, ind_activo, fec_creacion, fec_edita, usuario_crea, usuario_edita) VALUES (11, 3, 'Mejora', 'Mejora	', 'Mejora', 1, '2014-02-21 15:16:42.787', NULL, 'admin', NULL);
INSERT INTO sgp_parametro (id_parametro, id_tipo_parametro, nombre, descripcion, valor, ind_activo, fec_creacion, fec_edita, usuario_crea, usuario_edita) VALUES (12, 9, 'Esperada', 'Esperada						', 'Esperada', 1, '2014-02-25 09:29:05.648', NULL, 'admin', NULL);
INSERT INTO sgp_parametro (id_parametro, id_tipo_parametro, nombre, descripcion, valor, ind_activo, fec_creacion, fec_edita, usuario_crea, usuario_edita) VALUES (7, 1, 'Bloqueante', 'Bloqueante', 'Bloqueante', 1, '2014-02-20 14:18:25.465', NULL, 'admin', NULL);
INSERT INTO sgp_parametro (id_parametro, id_tipo_parametro, nombre, descripcion, valor, ind_activo, fec_creacion, fec_edita, usuario_crea, usuario_edita) VALUES (8, 1, 'Funcional', 'Funcional							', 'Funcional', 1, '2014-02-20 14:18:36.159', NULL, 'admin', NULL);
INSERT INTO sgp_parametro (id_parametro, id_tipo_parametro, nombre, descripcion, valor, ind_activo, fec_creacion, fec_edita, usuario_crea, usuario_edita) VALUES (13, 9, 'Inconsistente', 'Inconsistente							', 'Inconsistente', 1, '2014-02-25 09:29:13.876', NULL, 'admin', NULL);
INSERT INTO sgp_parametro (id_parametro, id_tipo_parametro, nombre, descripcion, valor, ind_activo, fec_creacion, fec_edita, usuario_crea, usuario_edita) VALUES (14, 4, 'Actualización del Ambiente', 'Actualización del Ambiente', 'Actualización del Ambiente', 1, '2014-01-20 11:50:00', NULL, 'admin', NULL);
INSERT INTO sgp_parametro (id_parametro, id_tipo_parametro, nombre, descripcion, valor, ind_activo, fec_creacion, fec_edita, usuario_crea, usuario_edita) VALUES (15, 4, 'Desarrollo en la Funcionalidad', 'Desarrollo en la Funcionalidad', 'Desarrollo en la funcionalidad', 1, '2014-01-20 11:50:00', NULL, 'admin', NULL);
INSERT INTO sgp_parametro (id_parametro, id_tipo_parametro, nombre, descripcion, valor, ind_activo, fec_creacion, fec_edita, usuario_crea, usuario_edita) VALUES (16, 4, 'Falta de Parametrización', 'Falta de Parametrización', 'Falta de Parametrización', 1, '2014-01-20 11:50:00', NULL, 'admin', NULL);
INSERT INTO sgp_parametro (id_parametro, id_tipo_parametro, nombre, descripcion, valor, ind_activo, fec_creacion, fec_edita, usuario_crea, usuario_edita) VALUES (17, 5, 'Lo reportado no se encuentra en el alcance', 'Lo reportado no se encuentra en el alcance', 'lo reportado no se encuentra en el alcance', 1, '2014-01-20 11:50:00', NULL, 'admin', NULL);
INSERT INTO sgp_parametro (id_parametro, id_tipo_parametro, nombre, descripcion, valor, ind_activo, fec_creacion, fec_edita, usuario_crea, usuario_edita) VALUES (18, 5, 'El cliente lo asumirá administrativamente', 'El cliente lo asumirá administrativamente', 'el cliente lo asumirá administrativamente', 1, '2014-01-20 11:50:00', NULL, 'admin', NULL);
INSERT INTO sgp_parametro (id_parametro, id_tipo_parametro, nombre, descripcion, valor, ind_activo, fec_creacion, fec_edita, usuario_crea, usuario_edita) VALUES (9, 1, 'Presentación', 'Presentación							', 'Presentación', 1, '2014-02-20 14:18:58.055', NULL, 'admin', NULL);
INSERT INTO sgp_parametro (id_parametro, id_tipo_parametro, nombre, descripcion, valor, ind_activo, fec_creacion, fec_edita, usuario_crea, usuario_edita) VALUES (20, 8, 'Desarrollo', 'Desarrollo', 'Desarrollo', 1, '2014-01-20 11:50:00', NULL, 'admin', NULL);
INSERT INTO sgp_parametro (id_parametro, id_tipo_parametro, nombre, descripcion, valor, ind_activo, fec_creacion, fec_edita, usuario_crea, usuario_edita) VALUES (22, 8, 'Reproceso', NULL, 'Reproceso', 1, '2014-01-20 11:50:00', NULL, 'admin', NULL);
INSERT INTO sgp_parametro (id_parametro, id_tipo_parametro, nombre, descripcion, valor, ind_activo, fec_creacion, fec_edita, usuario_crea, usuario_edita) VALUES (23, 8, 'Cerrado', NULL, 'Cerrado', 1, '2014-01-20 11:50:00', NULL, 'admin', NULL);
INSERT INTO sgp_parametro (id_parametro, id_tipo_parametro, nombre, descripcion, valor, ind_activo, fec_creacion, fec_edita, usuario_crea, usuario_edita) VALUES (24, 8, 'Anulado', NULL, 'Anulado', 1, '2014-01-20 11:50:00', NULL, 'admin', NULL);
INSERT INTO sgp_parametro (id_parametro, id_tipo_parametro, nombre, descripcion, valor, ind_activo, fec_creacion, fec_edita, usuario_crea, usuario_edita) VALUES (25, 8, 'Invalidado', NULL, 'Invalidado', 1, '2014-01-20 11:50:00', NULL, 'admin', NULL);
INSERT INTO sgp_parametro (id_parametro, id_tipo_parametro, nombre, descripcion, valor, ind_activo, fec_creacion, fec_edita, usuario_crea, usuario_edita) VALUES (26, 8, 'Inicial', 'Inicial', 'Inicial', 1, '2014-01-20 11:50:00', NULL, 'admin', NULL);
INSERT INTO sgp_parametro (id_parametro, id_tipo_parametro, nombre, descripcion, valor, ind_activo, fec_creacion, fec_edita, usuario_crea, usuario_edita) VALUES (4, 2, 'Alta', 'Alta', 'Alta', 1, '2014-02-20 14:17:13.244', '2014-02-27 09:24:08.152', 'admin', 'admin');
INSERT INTO sgp_parametro (id_parametro, id_tipo_parametro, nombre, descripcion, valor, ind_activo, fec_creacion, fec_edita, usuario_crea, usuario_edita) VALUES (19, 8, 'Abierta', 'Abierto', 'Abierto', 1, '2014-01-20 11:50:00', NULL, 'admin', NULL);
INSERT INTO sgp_parametro (id_parametro, id_tipo_parametro, nombre, descripcion, valor, ind_activo, fec_creacion, fec_edita, usuario_crea, usuario_edita) VALUES (21, 8, 'Devuelta', NULL, 'Devuelta', 1, '2014-01-20 11:50:00', NULL, 'admin', NULL);
INSERT INTO sgp_parametro (id_parametro, id_tipo_parametro, nombre, descripcion, valor, ind_activo, fec_creacion, fec_edita, usuario_crea, usuario_edita) VALUES (31, 15, 'El companero va a colaborarme solucionando este hallazgo', 'El companero va a colaborarme solucionando este hallazgo', 'El companero va a colaborarme solucionando este hallazgo', 1, '2014-04-07 00:00:00', NULL, 'admin', '
');
INSERT INTO sgp_parametro (id_parametro, id_tipo_parametro, nombre, descripcion, valor, ind_activo, fec_creacion, fec_edita, usuario_crea, usuario_edita) VALUES (30, 15, 'Este Hallazgo pertenece a otro companero', 'Este Hallazgo pertenece a otro companero', 'Este Hallazgo pertenece a otro companero', 1, '2014-04-07 00:00:00', NULL, 'admin', NULL);
INSERT INTO sgp_parametro (id_parametro, id_tipo_parametro, nombre, descripcion, valor, ind_activo, fec_creacion, fec_edita, usuario_crea, usuario_edita) VALUES (32, 16, 'Estados que no van en bandeja de hallazgos', 'Estados que no van en bandeja de hallazgos', '''Anulado'', ''Cerrado'', ''Invalidado''', 1, '2014-04-10 11:19:56.47', NULL, 'anonymousUser', NULL);
INSERT INTO sgp_parametro (id_parametro, id_tipo_parametro, nombre, descripcion, valor, ind_activo, fec_creacion, fec_edita, usuario_crea, usuario_edita) VALUES (33, 17, 'Enlace Hallazgo', 'Enlace de los Hallazgos', 'http://localhost:3000/sgp/hallazgos/editar/', 1, '2014-04-11 09:03:51.145', NULL, 'Valeria.Vasquez', NULL);
INSERT INTO sgp_parametro (id_parametro, id_tipo_parametro, nombre, descripcion, valor, ind_activo, fec_creacion, fec_edita, usuario_crea, usuario_edita) VALUES (27, 13, 'Roles Admin Hallazgo', 'Roles Admin Hallazgo', '["ADMIN","ANALISTA"]', 1, '2014-03-20 09:07:38.046', NULL, 'admin', NULL);
INSERT INTO sgp_parametro (id_parametro, id_tipo_parametro, nombre, descripcion, valor, ind_activo, fec_creacion, fec_edita, usuario_crea, usuario_edita) VALUES (28, 14, 'Roles Desa Hallazgo', 'Roles Desa Hallazgo', '["DEVELOPER"]', 1, '2014-03-20 09:18:27.093', NULL, 'anonymousUser', NULL);


--
-- TOC entry 2069 (class 0 OID 28274)
-- Dependencies: 176 2056 2068 2075
-- Data for Name: sgp_proyecto_artefacto; Type: TABLE DATA; Schema: public; Owner: sgpdesa
--

INSERT INTO sgp_proyecto_artefacto (id_proyecto_artefacto, id_proyecto, id_artefacto, ind_activo, fec_creacion, fec_edita, usuario_crea, usuario_edita) VALUES (1, 1, 1, 1, '2014-03-06 00:00:00', NULL, 'yo', NULL);


--
-- TOC entry 2074 (class 0 OID 28652)
-- Dependencies: 181 2075
-- Data for Name: sgp_sequences; Type: TABLE DATA; Schema: public; Owner: sgpdesa
--

INSERT INTO sgp_sequences (entity_name, entity_sq) VALUES ('sgp_tipo_parametro', 18);
INSERT INTO sgp_sequences (entity_name, entity_sq) VALUES ('sgp_parametro', 34);
INSERT INTO sgp_sequences (entity_name, entity_sq) VALUES ('sgp_pais', 116);
INSERT INTO sgp_sequences (entity_name, entity_sq) VALUES ('sgp_artefacto', 42);
INSERT INTO sgp_sequences (entity_name, entity_sq) VALUES ('sgp_anexo_hallazgo', 59);
INSERT INTO sgp_sequences (entity_name, entity_sq) VALUES ('sgp_proyecto', 18);
INSERT INTO sgp_sequences (entity_name, entity_sq) VALUES ('sgp_flujo_hallazgo', 154);
INSERT INTO sgp_sequences (entity_name, entity_sq) VALUES ('sgp_mapa_pruebas', 42);
INSERT INTO sgp_sequences (entity_name, entity_sq) VALUES ('sgp_mapa_artefacto', 47);
INSERT INTO sgp_sequences (entity_name, entity_sq) VALUES ('sgp_empresa', 62);
INSERT INTO sgp_sequences (entity_name, entity_sq) VALUES ('sgp_caso_prueba', 367);
INSERT INTO sgp_sequences (entity_name, entity_sq) VALUES ('sgp_usuario', 45);
INSERT INTO sgp_sequences (entity_name, entity_sq) VALUES ('sgp_hallazgo', 69);
INSERT INTO sgp_sequences (entity_name, entity_sq) VALUES ('sgp_ciudad', 19);
INSERT INTO sgp_sequences (entity_name, entity_sq) VALUES ('sgp_departamento', 41);
INSERT INTO sgp_sequences (entity_name, entity_sq) VALUES ('sgp_usuario_proyecto', 97);


--
-- TOC entry 2073 (class 0 OID 28298)
-- Dependencies: 180 2068 2072 2075
-- Data for Name: sgp_usuario_proyecto; Type: TABLE DATA; Schema: public; Owner: sgpdesa
--

INSERT INTO sgp_usuario_proyecto (id_usuario_proyecto, id_usuario, id_proyecto, ind_activo, fec_creacion, fec_edita, usuario_edita, usuario_crea) VALUES (31, 3, 1, 1, '2014-02-14 17:05:38.233', '2014-02-21 10:17:07.225', 'anonymousUser', 'anonymousUser');
INSERT INTO sgp_usuario_proyecto (id_usuario_proyecto, id_usuario, id_proyecto, ind_activo, fec_creacion, fec_edita, usuario_edita, usuario_crea) VALUES (84, 3, 1, 1, '2014-02-20 17:21:40.397', '2014-02-21 10:17:07.225', 'anonymousUser', 'admin');
INSERT INTO sgp_usuario_proyecto (id_usuario_proyecto, id_usuario, id_proyecto, ind_activo, fec_creacion, fec_edita, usuario_edita, usuario_crea) VALUES (85, 35, 1, 1, '2014-02-20 17:21:40.413', '2014-02-21 10:17:07.225', 'anonymousUser', 'admin');
INSERT INTO sgp_usuario_proyecto (id_usuario_proyecto, id_usuario, id_proyecto, ind_activo, fec_creacion, fec_edita, usuario_edita, usuario_crea) VALUES (86, 3, 1, 1, '2014-02-20 17:35:44.242', '2014-02-21 10:17:07.225', 'anonymousUser', 'admin');
INSERT INTO sgp_usuario_proyecto (id_usuario_proyecto, id_usuario, id_proyecto, ind_activo, fec_creacion, fec_edita, usuario_edita, usuario_crea) VALUES (87, 35, 1, 1, '2014-02-20 17:35:44.252', '2014-02-21 10:17:07.225', 'anonymousUser', 'admin');
INSERT INTO sgp_usuario_proyecto (id_usuario_proyecto, id_usuario, id_proyecto, ind_activo, fec_creacion, fec_edita, usuario_edita, usuario_crea) VALUES (88, 4, 6, 1, '2014-02-20 17:36:13.642', NULL, NULL, 'admin');
INSERT INTO sgp_usuario_proyecto (id_usuario_proyecto, id_usuario, id_proyecto, ind_activo, fec_creacion, fec_edita, usuario_edita, usuario_crea) VALUES (89, 1, 2, 0, '2014-02-20 17:36:26.061', NULL, NULL, 'admin');
INSERT INTO sgp_usuario_proyecto (id_usuario_proyecto, id_usuario, id_proyecto, ind_activo, fec_creacion, fec_edita, usuario_edita, usuario_crea) VALUES (32, 4, 1, 1, '2014-02-14 17:05:38.254', '2014-02-21 10:17:07.225', 'anonymousUser', 'anonymousUser');
INSERT INTO sgp_usuario_proyecto (id_usuario_proyecto, id_usuario, id_proyecto, ind_activo, fec_creacion, fec_edita, usuario_edita, usuario_crea) VALUES (34, 3, 1, 1, '2014-02-14 17:06:22.415', '2014-02-21 10:17:07.225', 'anonymousUser', 'anonymousUser');
INSERT INTO sgp_usuario_proyecto (id_usuario_proyecto, id_usuario, id_proyecto, ind_activo, fec_creacion, fec_edita, usuario_edita, usuario_crea) VALUES (35, 4, 1, 1, '2014-02-14 17:06:22.425', '2014-02-21 10:17:07.225', 'anonymousUser', 'anonymousUser');
INSERT INTO sgp_usuario_proyecto (id_usuario_proyecto, id_usuario, id_proyecto, ind_activo, fec_creacion, fec_edita, usuario_edita, usuario_crea) VALUES (90, 2, 2, 0, '2014-02-20 17:36:26.081', NULL, NULL, 'admin');
INSERT INTO sgp_usuario_proyecto (id_usuario_proyecto, id_usuario, id_proyecto, ind_activo, fec_creacion, fec_edita, usuario_edita, usuario_crea) VALUES (91, 3, 1, 0, '2014-02-20 17:42:25.875', '2014-02-21 10:17:07.224', 'anonymousUser', 'admin');
INSERT INTO sgp_usuario_proyecto (id_usuario_proyecto, id_usuario, id_proyecto, ind_activo, fec_creacion, fec_edita, usuario_edita, usuario_crea) VALUES (92, 35, 1, 0, '2014-02-20 17:42:25.887', '2014-02-21 10:17:07.225', 'anonymousUser', 'admin');
INSERT INTO sgp_usuario_proyecto (id_usuario_proyecto, id_usuario, id_proyecto, ind_activo, fec_creacion, fec_edita, usuario_edita, usuario_crea) VALUES (93, 1, 1, 0, '2014-02-21 10:17:07.241', NULL, NULL, 'anonymousUser');
INSERT INTO sgp_usuario_proyecto (id_usuario_proyecto, id_usuario, id_proyecto, ind_activo, fec_creacion, fec_edita, usuario_edita, usuario_crea) VALUES (36, 1, 1, 1, '2014-02-14 17:09:09.889', '2014-02-21 10:17:07.225', 'anonymousUser', 'admin');
INSERT INTO sgp_usuario_proyecto (id_usuario_proyecto, id_usuario, id_proyecto, ind_activo, fec_creacion, fec_edita, usuario_edita, usuario_crea) VALUES (37, 3, 1, 1, '2014-02-14 17:09:09.91', '2014-02-21 10:17:07.225', 'anonymousUser', 'admin');
INSERT INTO sgp_usuario_proyecto (id_usuario_proyecto, id_usuario, id_proyecto, ind_activo, fec_creacion, fec_edita, usuario_edita, usuario_crea) VALUES (38, 4, 1, 1, '2014-02-14 17:09:09.927', '2014-02-21 10:17:07.225', 'anonymousUser', 'admin');
INSERT INTO sgp_usuario_proyecto (id_usuario_proyecto, id_usuario, id_proyecto, ind_activo, fec_creacion, fec_edita, usuario_edita, usuario_crea) VALUES (39, 3, 1, 1, '2014-02-14 17:09:56.746', '2014-02-21 10:17:07.225', 'anonymousUser', 'admin');
INSERT INTO sgp_usuario_proyecto (id_usuario_proyecto, id_usuario, id_proyecto, ind_activo, fec_creacion, fec_edita, usuario_edita, usuario_crea) VALUES (80, 2, 2, 1, '2014-02-20 16:46:55.948', '2014-02-20 17:36:26.052', 'admin', 'anonymousUser');
INSERT INTO sgp_usuario_proyecto (id_usuario_proyecto, id_usuario, id_proyecto, ind_activo, fec_creacion, fec_edita, usuario_edita, usuario_crea) VALUES (81, 4, 4, 1, '2014-02-20 16:51:59.106', NULL, NULL, 'anonymousUser');
INSERT INTO sgp_usuario_proyecto (id_usuario_proyecto, id_usuario, id_proyecto, ind_activo, fec_creacion, fec_edita, usuario_edita, usuario_crea) VALUES (82, 35, 1, 1, '2014-02-20 17:04:43.117', '2014-02-21 10:17:07.225', 'anonymousUser', 'anonymousUser');
INSERT INTO sgp_usuario_proyecto (id_usuario_proyecto, id_usuario, id_proyecto, ind_activo, fec_creacion, fec_edita, usuario_edita, usuario_crea) VALUES (83, 35, 1, 1, '2014-02-20 17:05:10.886', '2014-02-21 10:17:07.225', 'anonymousUser', 'anonymousUser');



--- CONSTRUCCION VISTA:
CREATE OR REPLACE VIEW sgp_view_reporte_mapa_pruebas AS 
 SELECT mp.id_mapa_prueba, mp.id_proyecto, mp.nombre AS nombre_mapa, mp.fec_creacion AS fec_creacion_mapa, cp.id_caso_prueba AS idcasoprueba, artefacto.nombre AS artefacto, cp.descripcion AS descripcioncasoprueba, tipoprueba.valor AS tipoprueba, cp.resultado AS resultadoesperado, cp.fec_creacion AS fechacreacion, cp.usuario_crea AS usuariocrea, cp.usuario_ejecuta AS usuarioejecutor, cp.fec_ejecuta AS fechaejecucion, cp.cumple, h.id_hallazgo AS numerohallazgo, h.titulo AS titulohallazgo, h.descripcion AS descripcionhallazgo, tipohallazgo.nombre AS tipohallazgo, severidad.nombre AS severidad, prioridad.nombre AS prioridad, ( SELECT usuario.nombre
           FROM sgp_flujo_hallazgo fh, sgp_usuario usuario
          WHERE fh.accion = 20 AND fh.id_usuario_asigna = usuario.id_usuario AND fh.id_hallazgo = h.id_hallazgo
          ORDER BY fh.fec_creacion DESC
         LIMIT 1) AS responsablerealizarajustes, ( SELECT estadohallazgo.nombre AS estadohallazgo
           FROM sgp_flujo_hallazgo fh, sgp_parametro estadohallazgo
          WHERE fh.id_hallazgo = h.id_hallazgo AND fh.accion = estadohallazgo.id_parametro
          ORDER BY fh.fec_creacion DESC
         LIMIT 1) AS estadohallazgo, ( SELECT max(fh.fec_creacion) AS max
           FROM sgp_flujo_hallazgo fh
          WHERE fh.id_hallazgo = h.id_hallazgo) AS fechaestadohallazgo, causageneracion.nombre AS causageneracion, causaanulacion.nombre AS causaanulacion
   FROM sgp_hallazgo h
   FULL JOIN sgp_caso_prueba cp ON cp.id_caso_prueba = h.id_caso_prueba
   LEFT JOIN sgp_parametro tipohallazgo ON h.tipo_hallazgo = tipohallazgo.id_parametro
   LEFT JOIN sgp_parametro severidad ON h.severidad = severidad.id_parametro
   LEFT JOIN sgp_parametro prioridad ON h.prioridad = prioridad.id_parametro
   LEFT JOIN sgp_parametro causageneracion ON h.causa_generacion = causageneracion.id_parametro
   LEFT JOIN sgp_parametro causaanulacion ON h.causa_anulacion = causaanulacion.id_parametro, sgp_mapa_prueba mp, sgp_artefacto artefacto, sgp_parametro tipoprueba
  WHERE cp.id_artefacto = artefacto.id_artefacto AND cp.tipo_prueba = tipoprueba.id_parametro AND cp.id_mapa_prueba = mp.id_mapa_prueba
  ORDER BY ROW(mp.id_mapa_prueba, cp.id_caso_prueba, h.id_hallazgo);


-- Completed on 2014-04-24 16:04:11

--
-- PostgreSQL database dump complete
--

